Date;Close;High;Low;Open;Log_Returns
08/24/2026;3802.51;3860.19;3763.95;3819.58;
08/21/2026;3799.52;3801.65;3658.38;3681.85;-0.0007866320322814464
08/20/2026;3536.88;3540.44;3410.09;3446.36;-0.07162976037337501
08/19/2026;3339.38;3366.54;3069.02;3076.72;-0.05745982157603346
08/18/2026;3053.88;3072.57;3026.81;3030.0;-0.08937224772133033
08/17/2026;3047.05;3052.9;3003.18;3005.25;-0.0022390038414835077
08/14/2026;2977.08;2996.19;2964.25;2969.67;-0.023230955088929674
08/13/2026;3005.25;3028.28;2975.66;3015.03;0.009417804839023372
8/12/2026;3010.02;3033.88;2997.67;3033.2;0.001585964054755406
8/11/2026;3015.23;3037.22;2991.65;3035.32;0.0017293892530599719
8/10/2026;3023.09;3070.82;3016.53;3069.23;0.0026033745940264017
8/07/2026;3067.18;3088.26;3047.43;3085.24;0.014479085578802849
8/06/2026;3039.8;3072.33;3033.55;3037.3;-0.008966848902647668
8/05/2026;3061.78;3077.85;3019.31;3036.71;0.007204722408988208
8/04/2026;3029.58;3049.39;3012.03;3025.84;-0.010572450137109451
8/03/2026;3006.15;3036.37;2967.09;2985.14;-0.007763805766692421
07/31/2026;2986.28;3024.99;2962.75;3021.33;-0.006631724633618866
07/30/2026;3067.18;3085.65;3061.44;3069.79;0.02673010703108044
07/29/2026;3034.36;3064.87;2997.12;3040.03;-0.010758043554900766
07/28/2026;3034.76;3041.89;2972.41;3008.07;0.00013181482672255135
07/27/2026;3017.09;3122.19;3015.59;3092.57;-0.0058395532647982
07/24/2026;3033.67;3051.54;3015.52;3050.76;0.005480317016964003
07/23/2026;3069.33;3091.91;3060.69;3069.62;0.011686189031859577
07/22/2026;3144.86;3156.22;3111.77;3145.14;0.024310077319519927
07/21/2026;3158.66;3171.96;3135.65;3157.95;0.004378512972775487
07/20/2026;3099.51;3118.43;3034.01;3100.03;-0.018903852549554734
07/17/2026;3030.75;3045.18;2958.89;3023.04;-0.022433920836903716
07/16/2026;3023.28;3076.37;3023.28;3023.04;-0.0024677789145354572
07/15/2026;3069.44;3117.42;3069.44;3070.61;0.015152799806828113
07/14/2026;3075.21;3078.29;3020.0;3073.98;0.001878057072720552
07/13/2026;2950.41;2977.12;2922.5;2948.19;-0.04142904786424253
7/10/2026;3027.91;3058.38;3011.48;2977.56;0.02592846879898315
7/09/2026;2977.4;2998.28;2954.89;2977.56;-0.016822176083489834
7/08/2026;2944.15;2953.05;2909.29;2942.99;-0.01123028580519604
7/07/2026;3014.41;3049.45;2974.34;3013.98;0.023583972148546833
7/06/2026;3051.78;3075.91;2917.53;3053.37;0.012320904140448908
7/02/2026;2977.78;2991.76;2898.54;2906.09;-0.024546970495649703
7/01/2026;2819.08;2871.22;2763.88;2818.69;-0.054767465861915714
06/30/2026;2751.76;2785.33;2737.52;2751.83;-0.024169883621234844
06/29/2026;2819.8;2855.75;2770.44;2819.68;0.024425253483304286
06/26/2026;2807.44;2838.28;2747.86;2794.97;-0.004392924373835774
06/25/2026;2794.87;2871.19;2718.89;2794.97;-0.004487442177831738
06/24/2026;2853.36;2911.21;2764.88;2854.95;0.020711653338805775
06/23/2026;2944.45;2944.45;2902.91;2943.2;0.03142479521036795
06/22/2026;2998.36;3085.4;2997.29;2996.84;0.018143430078112414
06/18/2026;2965.59;3036.34;2928.96;2965.24;-0.01098947167496307
06/17/2026;3046.05;3046.05;3044.98;3044.98;0.026769668458919746
06/16/2026;3100.92;3100.98;3100.92;3100.98;0.017853172347199783
06/15/2026;3125.43;3125.43;3125.08;3125.08;0.007873032066454263
6/12/2026;2971.27;3090.55;3061.97;3082.86;-0.05058240287899225
6/11/2026;2977.21;2977.92;2977.14;2977.92;0.0019971495152912478
6/10/2026;2893.24;2893.24;2892.49;2892.49;-0.02860963893932177
6/09/2026;2903.59;2904.01;2903.31;2903.31;0.0035709210027366272
6/08/2026;2949.05;2949.05;2948.18;2948.25;0.015535182167305817
6/05/2026;2872.28;3018.91;2767.5;2918.14;-0.02637694511932027
6/04/2026;3015.13;3015.13;3013.96;3013.96;0.04853680752416359
6/03/2026;3008.16;3017.23;3008.16;3017.23;-0.0023143508318778645
6/02/2026;3159.82;3160.96;3159.82;3160.8;0.049186467788768604
6/01/2026;3361.51;3378.49;3322.28;3372.51;0.061875213833835443
05/29/2026;3460.83;3504.15;3414.75;3442.3;0.029118166910093796
05/28/2026;3474.95;3475.04;3474.89;3474.89;0.00407164572899554
05/27/2026;3499.06;3499.06;3498.79;3498.8;0.006914270571000343
05/26/2026;3568.67;3568.82;3568.65;3568.65;0.019698616363281664
05/22/2026;3638.25;3663.69;3613.34;3628.33;0.019309819452985266
05/21/2026;3650.96;3651.41;3650.93;3651.41;0.003487349899692393
05/20/2026;3658.28;3658.43;3657.98;3657.98;0.002002944888166485
05/19/2026;3608.54;3608.61;3608.54;3608.58;-0.013689833192064077
05/18/2026;3644.31;3644.31;3643.02;3643.02;0.009863788722421118
05/15/2026;3740.99;3870.15;3721.39;3793.44;0.026183235150858193
05/14/2026;3861.16;3861.16;3860.15;3860.5;0.0316173741845518
05/13/2026;3768.21;3768.25;3767.99;3768.25;-0.024367568819728683
5/12/2026;3822.5;3823.02;3822.5;3823.02;0.014304571175884464
5/11/2026;3878.29;3878.29;3877.89;3877.89;0.014489676018286948
5/08/2026;3814.98;3816.43;3750.74;3773.86;-0.016458912580646804
5/07/2026;3784.35;3784.35;3784.34;3784.34;-0.00806128063187336
5/06/2026;3846.51;3847.61;3846.49;3847.61;0.016292102052646924
5/05/2026;3831.8;3833.06;3831.48;3831.48;-0.0038315769997390218
5/04/2026;3783.37;3783.57;3783.37;3783.57;-0.012719519837460651
5/01/2026;3714.03;3745.89;3630.59;3719.33;-0.018497606399976947
04/30/2026;3636.46;3636.46;3636.26;3636.26;-0.021106859477870495
04/29/2026;3607.91;3607.91;3607.55;3607.55;-0.007882023642818132
04/28/2026;3637.08;3637.28;3637.08;3637.28;0.008052504591985024
04/27/2026;3677.85;3678.53;3677.85;3678.53;0.011147180402607204
04/24/2026;3705.51;3738.72;3694.35;3738.72;0.007492558780548778
04/23/2026;3738.22;3738.85;3738.22;3738.85;0.008788661207388722
04/22/2026;3748.29;3748.29;3741.86;3741.86;0.002690173678543766
04/21/2026;3657.1;3657.4;3657.1;3657.25;-0.024629252371163993
04/20/2026;3638.98;3638.98;3637.5;3637.5;-0.004967061012007616
04/17/2026;3731.77;3776.57;3592.17;3709.37;0.025179229333143253
04/16/2026;3619.06;3619.06;3617.46;3617.46;-0.03066832832298616
04/15/2026;3589.93;3589.93;3589.31;3589.31;-0.008081619906843099
04/14/2026;3579.61;3579.95;3579.61;3579.95;-0.0028788477719563664
04/13/2026;3578.71;3578.72;3578.63;3578.63;-0.0002514556501364345
4/10/2026;3514.16;3526.84;3426.57;3466.7;-0.01820187939531782
4/09/2026;3441.97;3441.97;3440.07;3440.07;-0.020756538996940292
4/08/2026;3465.1;0.0;0.0;3411.73;0.006697510365790033
4/07/2026;3466.22;3467.56;3465.54;3465.54;0.00032317076970847953
4/06/2026;3315.61;3315.61;3314.43;3314.43;-0.044423044247945125
4/02/2026;3226.42;3246.67;3197.77;3223.22;-0.027268455358828818
4/01/2026;3299.38;3299.72;3299.35;3299.72;0.02236140861590706
03/31/2026;3279.8;3280.95;3279.8;3280.07;-0.00595212710591711
03/30/2026;3219.95;3220.42;3219.15;3220.42;-0.01841661344176176
03/27/2026;3182.3;3331.34;3162.79;3209.88;-0.011761625687123523
03/26/2026;3310.85;3311.7;3310.85;3311.7;0.039600748206874474
03/25/2026;3444.11;3444.11;3442.85;3442.85;0.03946057165533893
03/24/2026;3418.19;3418.19;3417.76;3418.12;-0.007554354448901501
03/23/2026;3416.74;3416.74;3415.25;3415.25;-0.00042429111102913785
03/20/2026;3427.35;3454.73;3361.62;3408.55;0.0031004877199202114
03/19/2026;3396.47;3397.45;3396.47;3396.53;-0.00905071083213087
03/18/2026;3457.9;3458.06;3455.08;3455.08;0.01792481140458606
03/17/2026;3587.35;3587.65;3587.15;3587.15;0.036752299971928734
03/16/2026;3648.31;3650.31;3486.34;3573.91;0.01685027830691881
03/13/2026;3406.28;3558.45;3398.6;3526.0;-0.06864325994174633
3/12/2026;3439.24;3439.24;3436.89;3436.89;0.009629730013987363
3/11/2026;3373.3;3374.17;3373.3;3374.17;-0.01935902302460647
3/10/2026;3361.48;3361.55;3360.53;3361.55;-0.0035101405350339357
3/09/2026;3312.43;3313.69;3310.85;3310.85;-0.01469929417084605
3/06/2026;3280.81;3429.49;3248.0;3309.07;-0.00959171588545214
3/05/2026;3387.1;3387.1;3384.72;3384.72;0.03188375492474466
3/04/2026;3499.57;3500.12;3499.03;3500.12;0.032666005752077905
3/03/2026;3280.17;3282.59;3280.17;3281.87;-0.06474485348369896
3/02/2026;3318.18;3318.18;3317.61;3317.75;0.011521189523464643
02/27/2026;3167.02;3307.61;3128.72;3194.09;-0.046625357183433455
02/26/2026;3248.43;3248.43;3247.23;3247.4;0.025380720038035143
02/25/2026;3315.82;3317.68;3315.06;3317.68;0.020533150832599115
02/24/2026;3178.0;3186.03;3178.0;3184.97;-0.04245288541739621
02/23/2026;3095.54;3098.17;3095.54;3097.32;-0.02628970223733816
02/20/2026;3275.93;3285.37;3209.37;3214.71;0.05663943236398064
02/19/2026;3237.2;3237.44;3237.2;3237.44;-0.011893039601756968
02/18/2026;3218.63;3219.62;3218.63;3219.62;-0.005752955457872896
02/17/2026;3245.79;3245.79;3244.9;3245.38;0.008402968808808087
02/13/2026;3318.79;3379.06;3245.14;3307.48;0.022241486675830136
2/12/2026;3181.66;3182.68;3181.66;3182.67;-0.04219718549664237
2/11/2026;3252.11;3254.5;3252.11;3254.47;0.02190094328222104
2/10/2026;3313.17;3313.92;3313.17;3313.92;0.018601418558894665
2/09/2026;3397.65;3398.17;3397.29;3398.17;0.02517858116830106
2/06/2026;3421.29;3452.4;3060.74;3218.99;0.006933656758630644
2/05/2026;3072.01;3072.09;3070.46;3070.46;-0.1076856024491192
2/04/2026;3511.14;3515.29;3511.14;3515.09;0.13360870058243873
2/03/2026;3690.14;3690.14;3688.61;3688.61;0.04972362664122177
2/02/2026;3805.2;3776.15;3776.15;3759.97;0.03070415463804336
01/30/2026;4100.71;4144.78;3993.33;4075.14;0.07479157709948434
01/29/2026;4125.96;4127.18;4125.96;4126.24;0.006138590532931698
01/28/2026;4380.37;4380.37;4379.36;4379.36;0.05983447572381657
01/27/2026;4404.91;4405.3;4404.91;4404.92;0.005586632144986836
01/26/2026;4353.41;4354.74;4352.46;4352.46;-0.01176038180024734
01/23/2026;4407.51;4490.72;4352.01;4396.15;0.012350458096075668
01/22/2026;4414.14;4414.14;4410.85;4410.85;0.0015031204476039668
01/21/2026;4454.41;4454.41;4454.05;4454.24;0.009081592091836966
01/20/2026;4385.0;4386.22;4385.0;4385.95;-0.015704990862506766
01/16/2026;4578.42;4599.09;4595.21;4598.36;0.043164334617352036
01/15/2026;4755.31;4755.31;4753.35;4753.35;0.03790792796285566
01/14/2026;4804.2;4809.29;4804.2;4809.29;0.010228646920151914
01/13/2026;4772.82;4773.58;4772.82;4773.58;-0.006553210142602259
1/12/2026;4539.03;4540.3;4539.0;4540.3;-0.05022399234408997
1/09/2026;4515.11;4593.38;4472.19;4506.18;-0.005283783031978351
1/08/2026;4564.78;4569.71;4559.62;4559.62;0.010940770308702963
1/07/2026;4580.98;4583.45;4580.98;4583.45;0.0035426289215534004
1/06/2026;4651.95;4652.36;4651.95;4652.36;0.015373537497216953
1/05/2026;4730.54;4732.2;4728.97;4728.97;0.016752874359078438
1/02/2026;4489.1;4520.69;4362.45;4391.65;-0.05238712466439379
12/31/2025;4370.28;4378.13;4313.41;4330.82;-0.0268251559465517
12/30/2025;4367.54;4367.76;4367.54;4367.66;-0.0006271587397794607
12/29/2025;4298.23;4298.23;4297.9;4297.9;-0.015996611491145004
12/26/2025;4308.91;4463.05;4333.54;4346.93;0.002481661848463952
12/24/2025;4315.21;4365.52;4297.71;4323.79;0.0014610188913542273
12/23/2025;4331.91;4331.91;4331.72;4331.87;0.0038625625093236635
12/22/2025;4384.04;4388.77;4376.7;4384.97;0.011962120392022234
12/19/2025;4365.7;4416.74;4182.88;4349.62;-0.004192130705337759
12/18/2025;4189.47;4192.83;4189.47;4191.88;-0.04120430869981836
12/17/2025;4239.32;4240.2;4239.32;4240.2;0.011828644737026698
12/16/2025;4352.95;4353.22;4352.95;4353.14;0.02645089714937416
12/15/2025;4269.35;4269.35;4268.65;4268.65;-0.019392185344123417
12/12/2025;4498.97;4635.28;4449.06;4610.77;0.052386890859522826
12/11/2025;4599.76;4600.26;4599.76;4600.26;0.022155646532574264
12/10/2025;4565.96;4565.96;4563.09;4563.09;-0.007375340554647267
12/09/2025;4634.99;4634.99;4633.49;4633.49;0.015005253851935291
12/08/2025;4507.21;4507.21;4504.42;4504.42;-0.027955704708331603
12/05/2025;4437.19;4630.29;4396.77;4513.07;-0.01565704360351627
12/04/2025;4619.49;4619.56;4619.18;4619.56;0.04026301618353615
12/03/2025;4679.62;4679.81;4679.1;4679.81;0.012932600661861658
12/02/2025;4567.57;4569.13;4567.57;4569.13;-0.02423557522865203
12/01/2025;4293.56;4293.57;4293.29;4293.29;-0.06186510917754059
11/28/2025;4546.98;4348.52;4253.85;4336.05;0.05734705068314631
11/26/2025;4564.2;4587.75;4513.92;4546.79;0.0037799759204819074
11/25/2025;4401.76;4403.34;4401.76;4402.66;-0.03623879130363099
11/24/2025;4419.62;4419.64;4418.29;4419.64;0.004049258597508187
11/21/2025;4176.1;4249.73;4082.92;4149.72;-0.05667592288926921
11/20/2025;4341.75;4343.25;4341.45;4341.45;0.03889969599130528
11/19/2025;4578.78;4578.78;4576.76;4576.76;0.053155094450888146
11/18/2025;4621.65;4621.65;4619.25;4619.25;0.00931919709448588
11/17/2025;4556.17;4556.33;4553.46;4553.46;-0.014269425868817964
11/14/2025;4709.2;4955.46;4678.67;4757.08;0.03303568390026184
11/13/2025;4909.66;4909.66;4905.48;4905.48;0.041686650751034275
11/12/2025;5090.18;5091.46;5090.18;5091.46;0.03610850042198059
11/11/2025;5140.2;5140.82;5139.47;5139.47;0.009778795820996663
11/10/2025;5361.03;5365.77;5361.03;5365.77;0.04206413158472801
11/07/2025;5156.45;5186.57;4902.69;4944.04;-0.038907762573232654
11/06/2025;5032.32;5036.16;5032.32;5035.85;-0.024367247846452212
11/05/2025;5107.5;5107.5;5103.0;5103.0;0.014828937328680679
11/04/2025;4881.39;4884.99;4881.39;4884.99;-0.0452800323371011
11/03/2025;5320.15;5320.15;5318.23;5318.23;0.0860714830722505
10/31/2025;5529.81;5591.39;5460.69;5543.88;0.038651958452186684
10/30/2025;5461.06;5462.95;5461.06;5462.95;-0.012510546788597724
10/29/2025;5585.18;5585.18;5584.05;5584.61;0.02247375107875454
10/28/2025;5696.5;5697.54;5696.5;5697.54;0.019735289968900487
10/27/2025;5796.46;5797.02;5796.46;5797.02;0.01739543523252632
10/24/2025;5606.4;5631.84;5538.4;5625.1;-0.03333858406867928
10/23/2025;5540.18;5540.18;5539.0;5539.28;-0.011881811113779034
10/22/2025;5415.63;5415.63;5414.98;5414.98;-0.022737774030221796
10/21/2025;5456.82;5456.82;5453.38;5453.38;0.007576985327513422
10/20/2025;5587.49;5588.23;5587.49;5587.93;0.02366396772552027
10/17/2025;5412.59;5429.85;5262.58;5315.01;-0.03180244886303204
10/16/2025;5476.71;5476.71;5473.58;5473.58;0.0117768343393306
10/15/2025;5604.6;5604.6;5602.77;5602.77;0.02308313341950918
10/14/2025;5725.53;5725.53;5718.41;5718.41;0.021347432449864066
10/13/2025;5879.29;5882.69;5879.29;5882.69;0.026500884745967904
10/10/2025;5710.8;6238.99;5319.82;6206.97;-0.02907688738762495
10/09/2025;6184.15;6206.75;6192.25;6205.96;0.07963044820290728
10/08/2025;6294.55;6298.12;6294.55;6298.12;0.017694612499480834
10/07/2025;6217.55;6219.35;6217.3;6219.35;-0.012308241154777843
10/06/2025;6414.11;6415.8;6414.11;6415.8;0.031124312627774722
10/03/2025;6312.35;6389.47;6159.77;6212.67;-0.015992219165402045
10/02/2025;6218.48;6218.48;6217.78;6217.78;-0.014982528046121213
10/01/2025;6115.96;6115.96;6111.77;6115.31;-0.016623756073728794
09/30/2025;5843.62;5846.58;5843.62;5846.58;-0.04555128000495141
09/29/2025;5876.95;5876.95;5876.42;5876.42;0.005687452034167586
09/26/2025;5645.79;5684.17;5551.44;5594.35;-0.04012778518667495
09/25/2025;5594.26;5598.0;5594.26;5597.56;-0.009169062596238297
09/24/2025;5830.04;5831.92;5830.04;5831.92;0.04128278933296504
09/23/2025;5802.15;5802.15;5801.66;5801.85;-0.004795322883218895
09/22/2025;5838.86;5839.61;5838.77;5838.77;0.006307033786504155
09/19/2025;6048.01;6174.7;6015.85;6081.14;0.03519372000940428
09/18/2025;6161.97;6162.15;6161.85;6162.15;0.01866723929843406
09/17/2025;6113.18;6113.77;6111.44;6111.44;-0.007949435556237136
09/16/2025;6096.24;6096.24;6095.74;6095.74;-0.0027749083691111917
09/15/2025;6019.47;6019.47;6018.97;6018.97;-0.012672972110220617
9/12/2025;6127.7;6150.73;6024.96;6037.22;0.01782026004846456
9/11/2025;6049.81;6049.81;6048.25;6048.25;-0.012792609035421506
9/10/2025;5936.17;5936.17;5934.82;5934.82;-0.018962722321913945
9/09/2025;5823.39;5890.39;5792.47;5804.18;-0.019181577871129816
9/08/2025;5863.71;0.0;0.0;5777.66;0.006899942666155691
9/05/2025;5749.81;5905.9;5724.34;5888.5;-0.019615698278987827
9/04/2025;5746.84;5746.84;5745.94;5745.94;-0.0005166722594965552
9/03/2025;5855.63;5857.34;5855.63;5857.34;0.018753453077213593
9/02/2025;5809.22;5813.09;5809.22;5813.09;-0.00795728104233664
08/29/2025;5617.21;5763.33;5588.01;5646.14;-0.033611211203741276
08/28/2025;5913.91;5913.91;5909.12;5909.12;0.05147210383131943
08/27/2025;5833.25;5833.25;5832.07;5832.11;-0.013732896742977823
08/26/2025;5866.89;5866.89;5866.52;5866.52;0.005750374388208599
08/25/2025;5720.44;5720.44;5717.43;5717.43;-0.025278955323038393
08/22/2025;6127.93;6163.38;5736.96;5775.61;0.06881128388634476
08/21/2025;5799.18;5801.22;5799.03;5801.18;-0.05514048114951415
08/20/2025;5889.05;5889.05;5888.69;5888.8;0.015378166085199797
08/19/2025;5773.61;5773.61;5771.19;5771.19;-0.019797159536189837
08/18/2025;5963.39;5966.13;5963.39;5966.13;0.03234157652669922
08/15/2025;6057.02;6200.03;6006.41;6153.46;0.015578818635286356
08/14/2025;6124.13;6124.94;6124.13;6124.44;0.011018775567684385
08/13/2025;6427.73;6427.73;6423.83;6423.83;0.048384737733707356
8/12/2025;6212.39;6212.42;6212.06;6212.06;-0.03407575823085403
8/11/2025;6053.75;6053.75;6053.03;6053.03;-0.025867770293263544
8/08/2025;5961.58;5979.96;5880.82;5923.24;-0.015342368119876389
8/07/2025;5933.41;5936.73;5933.41;5936.73;-0.004736456720660971
8/06/2025;5748.89;5748.89;5747.54;5747.54;-0.03159229719905681
8/05/2025;5681.43;5681.43;5680.41;5680.41;-0.01180383108563985
8/04/2025;5764.49;5765.21;5764.49;5765.21;0.01451372332346552
8/01/2025;5646.38;5806.43;5626.66;5774.56;-0.02070205308084736
07/31/2025;5785.93;5788.88;5785.93;5786.14;0.02441447646008216
07/30/2025;5927.62;5927.62;5926.82;5927.31;0.0241936750622578
07/29/2025;5907.95;5907.95;5907.74;5907.84;-0.003323881842585091
07/28/2025;5944.36;5948.4;5944.36;5948.4;0.006143969324923221
07/25/2025;5890.49;5900.89;5753.7;5837.77;-0.009103684803524751
07/24/2025;5907.61;5908.47;5907.61;5908.35;0.0029021642495283798
07/23/2025;5959.71;5959.99;5958.88;5959.99;0.008780471871944653
07/22/2025;6070.86;6074.84;6070.86;6074.84;0.018478453255762244
07/21/2025;6000.31;6000.31;5998.99;5998.99;-0.011689140871029199
07/18/2025;5913.42;6088.19;5840.99;5978.32;-0.014586790309815321
07/17/2025;5981.94;5983.41;5981.69;5981.69;0.011520585816953647
07/16/2025;5855.49;5856.4;5855.49;5856.4;-0.021365247364676297
07/15/2025;5718.68;5718.68;5717.69;5717.69;-0.02364167317288629
07/14/2025;5784.45;5784.6;5783.96;5784.6;0.011435273130390156
7/11/2025;5628.38;5705.77;5521.82;5658.96;-0.027351626142079203
7/10/2025;5530.98;5531.37;5527.29;5527.29;-0.0174566414945723
7/09/2025;5310.72;5311.98;5310.72;5311.98;-0.040637595741103226
7/08/2025;5163.85;5164.24;5163.84;5163.84;-0.028044993969933745
7/07/2025;5129.88;5129.88;5128.32;5128.32;-0.006600158216103002
7/03/2025;5098.12;5196.25;5056.52;5184.26;-0.006210422776720842
7/02/2025;5150.36;5150.38;5148.99;5149.05;0.01019477082567231
7/01/2025;4977.74;4979.03;4977.74;4979.03;-0.03409064237496438
06/30/2025;5070.1;5071.49;5070.1;5071.49;0.018384568504249733
06/27/2025;5032.16;5052.01;4983.33;5008.12;-0.007511225879430638
06/26/2025;5019.85;5020.22;5019.85;5020.22;-0.002449262615906215
06/25/2025;5048.38;5048.59;5048.38;5048.48;0.005667346964155
06/24/2025;5012.0;5012.0;5011.25;5011.25;-0.007232362709453069
06/23/2025;4956.98;4957.25;4955.77;4955.77;-0.011038352701930826
06/20/2025;4869.19;5050.02;4825.0;5028.08;-0.017869085506153733
06/18/2025;4963.26;4998.7;4927.08;4989.37;0.019135184076129335
06/17/2025;4955.92;4957.1;4955.92;4957.1;-0.0014799613152951363
06/16/2025;5075.4;5075.4;5070.44;5070.44;0.023822517969315282
06/13/2025;5016.05;5037.91;4874.18;4976.46;-0.011762568172874986
6/12/2025;4948.35;4951.47;4947.95;4951.47;-0.013588583703650368
6/11/2025;5207.36;5207.36;5206.94;5207.29;0.051018821810750986
6/10/2025;5274.69;5278.63;5274.69;5277.22;0.012846900372612725
6/09/2025;5268.66;5271.22;5268.66;5271.22;-0.0011438490911268692
6/06/2025;4960.15;5013.9;4815.87;4948.49;-0.0603400785565564
6/05/2025;4816.55;4816.55;4815.87;4815.87;-0.02937807807134157
6/04/2025;5012.83;5015.74;5012.83;5014.12;0.039942721733403096
6/03/2025;5037.9;5039.11;5037.9;5039.08;0.004988702709831485
6/02/2025;5071.22;5071.98;5071.21;5071.98;0.006592091232830356
05/30/2025;4996.99;5101.43;4954.89;5053.03;-0.014745688660420014
05/29/2025;5093.8;5093.83;5090.35;5090.35;0.019188382750434958
05/28/2025;5198.97;5198.97;5197.46;5197.46;0.0204364151347002
05/27/2025;5237.69;5238.29;5237.69;5238.03;0.007420032395428932
05/23/2025;5232.11;5279.01;5198.82;5203.35;-0.001065923041190674
05/22/2025;5353.45;5353.45;5351.37;5351.37;0.022926574489535497
05/21/2025;5252.49;5259.33;5252.49;5259.33;-0.019038963008354788
05/20/2025;5112.02;5112.74;5112.02;5112.32;-0.027107620449251295
05/19/2025;5081.95;5082.79;5081.92;5082.79;-0.005899583227277529
05/16/2025;5010.11;5071.25;4998.34;5037.84;-0.014237175259803827
05/15/2025;5018.9;5020.81;5018.9;5020.81;0.0017529152430322368
05/14/2025;5078.03;5078.03;5077.14;5077.14;0.011712604916168162
05/13/2025;5117.51;5161.54;4911.5;5046.94;0.007744601527771828
5/12/2025;4980.86;4980.86;4980.39;4980.39;-0.02706542574025823
5/09/2025;4945.75;4992.33;4903.39;4953.35;-0.007073944964215909
5/08/2025;4885.46;4885.74;4885.37;4885.74;-0.012265175050924755
5/07/2025;4541.06;4541.06;4539.58;4539.6;-0.073102981897926
5/06/2025;4556.5;4557.22;4556.5;4556.6;0.003394319976830741
5/05/2025;4448.0;4448.0;4447.57;4447.57;-0.024100228005763186
5/02/2025;4542.24;4603.84;4526.51;4556.51;0.02096572549761396
5/01/2025;4558.65;4560.14;4558.65;4560.14;0.003606244616588927
04/30/2025;4441.9;4441.9;4441.21;4441.21;-0.025944314225465944
04/29/2025;4454.76;4455.58;4454.76;4455.38;0.002890974580731292
04/28/2025;4488.14;4489.02;4488.14;4488.31;0.007465174612014201
04/25/2025;4472.79;4523.7;4380.99;4457.84;-0.003425987037968571
04/24/2025;4426.37;4426.84;4426.11;4426.84;-0.010432539929717322
04/23/2025;4412.37;4414.5;4411.61;4411.61;-0.0031678749930424753
04/22/2025;4386.66;4471.07;4373.39;4404.05;-0.005843842597967482
04/21/2025;4110.33;4110.71;4109.84;4110.71;-0.06506480021534927
04/17/2025;3993.29;4016.13;3978.8;4003.52;-0.028887864714433602
04/16/2025;3967.1;3967.53;3965.94;3965.94;-0.006580103361089994
04/15/2025;3945.79;3946.64;3945.66;3946.64;-0.005386161444985481
04/14/2025;4006.18;4006.78;4006.18;4006.78;0.015188981100076462
4/11/2025;3925.35;3966.01;3721.79;3855.66;-0.0203826496019759
4/10/2025;3748.14;3749.67;3747.95;3749.67;-0.046195802299680185
4/09/2025;3902.07;3903.8;3902.07;3903.8;0.04024746462457449
4/08/2025;3595.0;3595.22;3593.83;3593.83;-0.08196319038519405
4/07/2025;3728.15;3731.87;3728.15;3731.87;0.03636814089238875
4/04/2025;4030.78;4046.33;3890.21;3953.91;0.07804777355221715
4/03/2025;3978.67;3978.67;3976.94;3976.94;-0.013012313023062867
4/02/2025;3962.28;3962.28;3960.53;3960.53;-0.0041279754372060395
4/01/2025;4083.42;4084.15;4083.42;4084.15;0.030115255429839023
03/31/2025;3970.37;3972.44;3970.37;3972.44;-0.02807558323839991
03/28/2025;4065.27;4252.78;4030.02;4122.08;0.023620872109439736
03/27/2025;4222.57;4223.36;4222.57;4223.36;0.03796378596090087
03/26/2025;4237.01;4237.01;4235.11;4235.11;0.003413884383001167
03/25/2025;4290.93;4290.93;4290.37;4290.55;0.012645660860494816
03/24/2025;4286.83;4286.84;4286.72;4286.72;-0.0009559606032894543
03/21/2025;4109.08;4144.74;4051.95;4079.23;-0.04234837289029913
03/20/2025;4113.98;4114.7;4113.98;4114.61;0.0011917706012026007
03/19/2025;4249.63;4249.73;4247.84;4247.84;0.032440990552720116
03/18/2025;4037.84;4039.8;4037.68;4039.8;-0.051122024793373314
03/17/2025;4071.45;4073.37;4071.45;4073.37;0.008289305833752448
03/14/2025;4107.92;4147.82;3944.27;4050.82;0.008917616316662037
03/13/2025;3945.4;3945.4;3944.27;3944.27;-0.04036647435236639
3/12/2025;4052.63;4054.64;4052.63;4054.57;0.026815709749146384
3/11/2025;4013.85;4016.62;4013.85;4015.32;-0.009615172608650512
3/10/2025;3754.94;3758.86;3754.94;3758.86;-0.0666785740747632
3/07/2025;4238.29;4487.86;4214.52;4410.76;0.12108757961563127
3/06/2025;4300.28;4300.28;4300.09;4300.22;0.014520250849618265
3/05/2025;4455.45;4457.54;4455.45;4455.8;0.03544792906399231
3/04/2025;4315.46;4317.92;4315.46;4317.92;-0.03192414220236579
3/03/2025;4213.07;4215.41;4213.07;4215.41;-0.02401232562284495
02/28/2025;4148.44;4196.68;3854.74;4044.02;-0.015459238138720402
02/27/2025;4108.64;4108.64;4106.43;4106.43;-0.009640286453406276
02/26/2025;4218.79;4220.71;4218.79;4220.71;0.026456283569966908
02/25/2025;4379.17;4379.17;4377.43;4377.48;0.03731085163926353
02/24/2025;4512.89;4513.06;4512.04;4513.06;0.030078537802735457
02/21/2025;4781.21;4994.33;4723.49;4975.95;0.057755906027407315
02/20/2025;4903.52;4903.52;4903.41;4903.41;0.025259662016560405
02/19/2025;4842.63;4842.63;4842.3;4842.47;-0.01249535298494206
02/18/2025;4745.9;4745.9;4744.15;4744.15;-0.020176874159724578
02/14/2025;4822.43;4905.47;4776.55;4841.42;0.015996862982965817
02/13/2025;4850.27;4850.85;4850.27;4850.85;0.005756423103460623
2/12/2025;4901.09;4901.09;4897.09;4897.09;0.01042325585510499
2/11/2025;4787.74;4789.38;4787.74;4789.38;-0.023399145559493906
2/10/2025;4897.15;4898.33;4897.15;4898.33;0.02259491945105799
2/07/2025;4773.35;5007.17;4740.21;4993.27;-0.02560503877122535
2/06/2025;4811.55;4811.55;4810.41;4810.41;0.007970913051636842
2/05/2025;4868.28;4869.8;4868.28;4869.8;0.011721414429198542
2/04/2025;4929.69;4933.06;4929.69;4933.06;0.012535413793763335
2/03/2025;5108.69;5108.69;5106.72;5106.72;0.03566690551846852
01/31/2025;5312.22;5511.04;5275.45;5440.77;0.0390668157077054
01/30/2025;5406.26;5406.26;5405.85;5405.85;0.017547714428145855
01/29/2025;5374.25;5375.78;5374.25;5375.78;-0.005938512013216393
01/28/2025;5215.38;5322.64;5232.93;5244.46;-0.03000707686543859
01/27/2025;5247.26;5247.59;5245.86;5246.25;0.006094083073263197
01/24/2025;5444.89;5582.19;5351.42;5514.19;0.03697151855872563
01/23/2025;5405.37;5405.59;5404.13;5405.59;-0.0072846502782974555
01/22/2025;5401.06;5401.06;5398.83;5398.83;-0.0007976732794329353
01/21/2025;5505.9;5505.9;5505.25;5505.32;0.019225013947470865
01/17/2025;5371.15;5687.13;5204.69;5228.8;-0.024778206256855742
01/16/2025;5268.44;5268.44;5267.26;5267.26;-0.01930773474167948
01/15/2025;5227.38;5227.38;5224.88;5224.88;-0.007824107018367056
01/14/2025;5017.94;5017.94;5015.92;5015.92;-0.04089070561571327
01/13/2025;4885.51;4886.38;4885.51;4886.32;-0.026745809644216523
1/10/2025;4887.87;4943.02;4756.31;4872.3;0.00048294449737333644
1/08/2025;4775.57;4943.45;4707.74;4943.19;-0.02324328723473581
1/07/2025;5018.25;5019.13;5018.25;5018.81;0.04956792881269446
1/06/2025;5304.05;5304.69;5304.05;5304.69;0.05538941233789223
1/03/2025;5158.04;5192.01;5012.08;5072.63;-0.02791401731393082
1/02/2025;5040.25;5040.25;5039.37;5039.48;-0.023100978345176604
12/31/2024;4896.11;4919.65;4782.08;4828.27;-0.029014671749783748
12/30/2024;4750.1;4750.46;4749.2;4749.2;-0.030275341821374577
12/27/2024;4845.67;5007.0;4804.33;4949.84;0.019919852219157937
12/26/2024;4905.02;4905.04;4904.92;4905.04;0.012173647805297772
12/24/2024;5112.72;5136.44;5036.66;5073.81;0.041472381746939534
12/23/2024;4895.28;4895.28;4893.53;4893.99;-0.04346007665563407
12/20/2024;5049.4;5051.62;4682.74;4868.22;0.03099794877510308
12/19/2024;4998.73;5002.36;4997.26;5002.36;-0.010085544176752679
12/18/2024;5210.85;5210.85;5210.22;5210.22;0.04155911008019117
12/17/2024;5553.24;5553.92;5553.24;5553.92;0.0636385509558352
12/16/2024;5545.26;5545.26;5544.98;5544.98;-0.0014380324143222207
12/13/2024;5354.49;5387.78;5262.67;5320.21;-0.03500804752330246
12/12/2024;5274.29;5274.43;5272.18;5274.43;-0.015091388122316637
12/11/2024;5312.75;5313.52;5311.95;5311.95;0.007265518820111015
12/10/2024;5025.07;5029.44;5023.02;5029.44;-0.055670207770461236
12/09/2024;5153.99;5156.91;5153.99;5156.91;0.025331787791329483
12/06/2024;5339.08;5448.44;5191.35;5254.64;0.03528218149750341
12/05/2024;5237.16;5238.6;5234.44;5234.44;-0.01927398681189406
12/04/2024;5200.14;5200.14;5196.96;5196.96;-0.007093818371425321
12/03/2024;5137.18;5139.03;5137.18;5138.8;-0.012181257524077336
12/02/2024;5134.85;5135.19;5134.54;5134.54;-0.0004536591189785345
11/29/2024;5064.99;5131.05;4950.65;5043.31;-0.013698468293794046
11/27/2024;4965.3;5007.32;4896.12;4990.34;-0.01987844473256778
11/26/2024;4744.31;4744.95;4743.11;4744.95;-0.04552771337214889
11/25/2024;4862.2;4864.35;4862.2;4864.35;0.024545005122831424
11/22/2024;5021.93;5047.92;4933.52;4957.52;0.03232331158524675
11/21/2024;4976.47;4976.47;4974.43;4974.43;-0.009093517615751646
11/20/2024;4746.36;4746.36;4745.13;4746.16;-0.047342795865603415
11/19/2024;4627.46;4627.46;4626.01;4626.48;-0.025369887035114374
11/18/2024;4610.71;4610.71;4609.03;4609.03;-0.0036262632869724005
11/15/2024;4551.69;4571.77;4332.06;4497.61;-0.01288326559318307
11/14/2024;4368.22;4368.22;4363.51;4363.51;-0.04114298909714086
11/13/2024;4467.46;4473.08;4467.46;4473.08;0.0224644109832904
11/12/2024;4415.6;4416.02;4412.33;4412.33;-0.011676289295861618
11/11/2024;4483.82;4483.82;4079.15;4155.92;0.015331636512407133
11/08/2024;3873.72;3912.87;3820.46;3869.54;-0.14626007601832258
11/07/2024;3857.99;3858.76;3857.81;3858.76;-0.004068963192555174
11/06/2024;3792.22;3798.04;3792.22;3798.04;-0.017194722876090567
11/05/2024;3519.87;3519.87;3519.45;3519.57;-0.07452754247767097
11/04/2024;3345.88;3347.56;3345.88;3347.56;-0.05069431890618586
11/01/2024;3447.73;3566.21;3420.99;3499.68;0.029986305267208184
10/31/2024;3497.96;3497.96;3497.35;3497.35;0.014463897954404416
10/30/2024;3612.99;3612.99;3612.02;3612.02;0.0323557429534127
10/29/2024;3615.38;3615.38;3614.1;3614.1;0.0006612832732952719
10/28/2024;3498.72;3498.72;3498.44;3498.68;-0.032799780332086984
10/25/2024;3368.61;3459.74;3310.14;3427.07;-0.03789699094983953
10/24/2024;3430.18;3430.84;3430.18;3430.84;0.018112541564994204
10/23/2024;3357.19;3357.19;3356.07;3356.2;-0.021508423385634464
10/22/2024;3404.36;3404.36;3403.88;3403.88;0.013952648501601087
10/21/2024;3401.72;3403.52;3401.72;3403.52;-0.0007757769912792195
10/18/2024;3439.51;3472.5;3377.15;3402.33;0.011047833319319182
10/17/2024;3386.52;3386.52;3385.37;3385.37;-0.015526173921203592
10/16/2024;3413.71;3413.71;3412.9;3412.9;0.007996830959633314
10/15/2024;3371.21;3371.21;3370.91;3371.01;-0.012527946051277989
10/14/2024;3366.71;3366.71;3364.94;3364.94;-0.0013357239827897697
10/11/2024;3166.89;3205.81;3048.68;3111.6;-0.061185972616087325
10/10/2024;3055.41;3055.43;3055.29;3055.29;-0.035836243929289004
10/09/2024;3058.18;3058.69;3058.18;3058.6;0.0009061779378567798
10/08/2024;3148.64;3148.81;3148.64;3148.66;0.029150645800763618
10/07/2024;3154.49;3156.44;3154.49;3156.44;0.0018562211725631015
10/04/2024;3149.58;3160.32;3050.5;3116.86;-0.0015577241346763273
10/03/2024;3063.23;3064.41;3063.23;3063.76;-0.027799195801727367
10/02/2024;3071.78;3071.78;3070.68;3070.68;0.002787283324843856
10/01/2024;3114.85;3114.85;3114.04;3114.04;0.01392379884922729
09/30/2024;3252.02;3252.02;3249.0;3249.0;0.043095344741280184
09/27/2024;3375.01;3402.22;3312.25;3362.18;0.037121945554913285
09/26/2024;3331.86;3331.86;3329.15;3329.15;-0.012867580667923772
09/25/2024;3234.56;3234.56;3234.3;3234.51;-0.02963780027755995
09/24/2024;3290.22;3291.88;3290.19;3291.88;0.017061525504957323
09/23/2024;3244.8;3245.1;3244.8;3244.85;-0.013900716867867986
09/20/2024;3222.64;3239.29;3179.69;3235.16;-0.0068528155565093845
09/19/2024;3180.56;3180.56;3179.95;3179.95;-0.013143617501042322
09/18/2024;3136.58;3136.58;3135.24;3135.82;-0.013924247550321404
09/17/2024;3033.97;3034.88;3033.97;3034.8;-0.03326104142606189
09/16/2024;2955.51;2955.54;2955.51;2955.54;-0.026200768141927542
09/13/2024;3095.45;3096.51;2948.48;2957.01;0.0462620665684817
9/12/2024;2970.8;2971.19;2970.8;2971.19;-0.04110201455428702
9/11/2024;2945.65;2945.65;2942.17;2942.17;-0.00850177098999622
9/10/2024;2948.23;2948.23;2947.94;2948.16;0.0008754844566877928
9/09/2024;2907.41;2908.18;2907.41;2907.69;-0.01394233977631477
9/06/2024;2751.62;2930.03;2687.65;2920.62;-0.05507282136174646
9/05/2024;2889.89;2889.89;2889.55;2889.68;0.04902860997458177
9/04/2024;2993.02;2994.99;2993.02;2994.99;0.03506447199062242
9/03/2024;2963.26;2963.59;2962.22;2962.22;-0.00999289746198193
08/30/2024;3050.9;3058.03;2935.34;2952.55;0.029146615413555316
08/29/2024;3058.95;3058.95;3058.42;3058.95;0.002635090765916354
08/28/2024;3056.53;3056.53;3055.71;3056.35;-0.0007914342378087017
08/27/2024;3037.17;3038.0;3037.17;3038.0;-0.006354124797128688
08/26/2024;3260.53;3260.53;3260.24;3260.24;0.07096359806218412
08/23/2024;3339.36;3342.51;3147.84;3179.23;0.023889413009728418
08/22/2024;3149.88;3149.91;3149.72;3149.91;-0.058414814987499376
08/21/2024;3161.12;3161.12;3160.55;3160.55;0.0035620383091533375
08/20/2024;3074.93;3074.93;3074.43;3074.45;-0.02764425841122792
08/19/2024;3138.96;3138.96;3129.62;3129.62;0.02060939809513966
08/16/2024;3070.16;3103.18;2982.71;3017.66;-0.022161857361977615
08/15/2024;3000.04;3000.8;2999.24;2999.24;-0.02310405559233704
08/14/2024;3083.46;3083.81;3083.46;3083.81;0.027426721180945877
08/13/2024;3156.66;3156.66;3155.86;3156.62;0.023462163501728226
8/12/2024;3128.57;3129.04;3128.25;3128.25;-0.008938475449195725
8/09/2024;3147.07;3218.24;3088.61;3145.13;0.005895830095274814
8/08/2024;3211.07;3211.76;3210.45;3210.9;0.020132353690737168
8/07/2024;2850.01;2852.11;2849.35;2852.11;-0.11928171188571159
8/06/2024;2914.01;2915.38;2914.01;2915.38;0.02220763642978263
8/05/2024;2912.61;2912.61;2911.78;2911.78;-0.0004805530571556125
8/02/2024;3289.63;3491.39;3256.65;3450.23;0.12172551002791558
8/01/2024;3487.07;3487.8;3487.07;3487.8;0.058286745607808194
07/31/2024;3482.2;3484.81;3482.2;3484.81;-0.0013975641043231918
07/30/2024;3552.96;3552.96;3552.4;3552.4;0.020116780933402797
07/29/2024;3579.81;3580.18;3579.81;3580.08;0.0075286674947450585
07/26/2024;3636.05;3640.32;3513.92;3590.15;0.015588201217311679
07/25/2024;3518.07;3518.97;3518.07;3518.97;-0.032985383809279976
07/24/2024;3557.86;3557.86;3556.61;3556.61;0.0112466967346665
07/23/2024;3603.83;3603.83;3601.49;3601.49;0.012837928301033178
07/22/2024;3662.99;3664.78;3662.99;3664.78;0.016282584967980716
07/19/2024;3642.58;3669.34;3454.74;3513.64;-0.005587532006636825
07/18/2024;3480.06;3481.08;3479.99;3481.08;-0.04564268676652155
07/17/2024;3500.47;3500.47;3498.91;3499.58;0.00584771017707181
07/16/2024;3559.09;3559.99;3559.09;3559.67;0.016607649016433166
07/15/2024;3534.62;3535.04;3534.62;3535.04;-0.006899097104122354
7/12/2024;3161.78;3200.1;3089.67;3131.35;-0.11147063695728578
7/11/2024;3141.82;3142.1;3141.77;3142.1;-0.0063329103081385795
7/10/2024;3140.28;3140.28;3140.13;3140.23;-0.0004902819219204281
7/09/2024;3128.28;3129.13;3128.28;3129.08;-0.0038286351756842843
7/08/2024;3074.86;3075.09;3074.71;3074.71;-0.017223960976670824
7/05/2024;3073.62;3084.72;2976.38;2996.77;-0.00040335172817077
7/03/2024;3179.31;3310.67;3100.12;3303.21;0.033808172077624016
7/02/2024;3420.87;3420.87;3420.48;3420.48;0.07323071257260431
7/01/2024;3432.65;3461.44;3419.28;3440.69;0.003437652943539062
06/28/2024;3314.9;3429.66;3306.76;3383.52;-0.03490510036203514
06/27/2024;3390.61;3390.61;3390.37;3390.61;0.02258238893756171
06/26/2024;3329.34;3329.52;3329.31;3329.52;-0.018235760057572544
06/25/2024;3376.19;3376.19;3375.89;3376.13;0.013973768620629436
06/24/2024;3303.18;3303.48;3301.66;3301.66;-0.021862213934314537
06/21/2024;3491.37;3525.77;3438.05;3465.91;0.05540856849334143
06/20/2024;3507.97;3509.52;3507.97;3509.52;0.004743313262002899
06/18/2024;3534.62;3569.7;3502.45;3502.45;0.00756827451448985
06/17/2024;3574.09;3574.37;3573.57;3573.57;0.011104801182787777
06/14/2024;3555.81;3627.18;3489.98;3615.04;-0.0051277128861990755
06/13/2024;3591.69;3592.82;3591.69;3592.82;0.01003995841728754
6/12/2024;3676.26;3676.44;3676.26;3676.44;0.02327308722525692
6/11/2024;3615.4;3615.77;3615.4;3615.75;-0.016693431486960977
6/10/2024;3758.49;3758.7;3758.49;3758.7;0.038814781437338
6/07/2024;3765.95;3920.07;3690.36;3869.87;0.0019828724647304743
6/06/2024;3866.72;3866.72;3866.48;3866.65;0.02640644899184792
6/05/2024;3899.91;3899.91;3899.63;3899.63;0.008546873493714078
6/04/2024;3866.04;3866.95;3866.04;3866.95;-0.008722748602149442
6/03/2024;3770.37;3773.25;3770.37;3773.25;-0.025057587463836756
05/31/2024;3736.0;3811.18;3683.49;3794.76;-0.009157619513665172
05/30/2024;3756.52;3756.57;3756.51;3756.51;0.005477476551193892
05/29/2024;3739.13;3739.13;3738.75;3738.75;-0.004640032872508539
05/28/2024;3784.8;3784.8;3783.26;3783.26;0.012140081289519862
05/24/2024;3848.93;3908.68;3791.72;3792.81;0.016802142259471686
05/23/2024;3739.62;3739.62;3738.38;3738.38;-0.02881118560797156
05/22/2024;3791.95;3794.03;3791.91;3794.03;0.01389639666553405
05/21/2024;3844.61;3844.8;3844.53;3844.8;0.013791768732229322
05/20/2024;3858.57;3863.26;3858.57;3863.26;0.003624481131830675
05/17/2024;3503.7;3539.05;3394.69;3494.21;-0.09647709554540318
05/16/2024;3409.13;3409.59;3409.13;3409.59;-0.027362426191572732
05/15/2024;3463.13;3463.13;3462.75;3462.75;0.01571567764222602
05/14/2024;3245.22;3245.48;3244.98;3244.98;-0.06498965995300905
05/13/2024;3311.99;3311.99;3310.71;3310.71;0.020366072726647155
5/10/2024;3214.55;3362.13;3189.58;3341.51;-0.029861838197561753
5/09/2024;3335.32;3335.32;3334.54;3334.54;0.03688124779125225
5/08/2024;3260.76;3260.87;3260.71;3260.87;-0.02260832974580595
5/07/2024;3313.35;3313.35;3310.21;3310.34;0.01599946512613993
5/06/2024;3361.8;3361.8;3360.92;3360.92;0.014516782648348756
5/03/2024;3358.23;3375.38;3159.33;3252.26;-0.0010624953566715596
5/02/2024;3166.74;3167.42;3166.74;3167.42;-0.0587113818955029
5/01/2024;3128.97;3129.23;3128.68;3129.23;-0.01199879065190835
04/30/2024;3227.37;3227.37;3226.69;3227.28;0.030963687160769922
04/29/2024;3431.75;3431.75;3431.23;3431.23;0.06140277107578809
04/26/2024;3404.33;3449.42;3375.28;3406.99;-0.008022184366487049
04/25/2024;3428.24;3428.32;3428.05;3428.32;0.0069988591702974555
04/24/2024;3431.44;3431.44;3430.2;3430.2;0.0009329881954040859
04/23/2024;3531.5;3531.65;3531.44;3531.65;0.02874271171799364
04/22/2024;3541.94;3541.94;3540.8;3541.34;0.002951889768168518
04/19/2024;3413.62;3443.56;3365.8;3437.83;-0.03690128784324672
04/18/2024;3345.79;3345.79;3344.16;3344.16;-0.020070472702991515
04/17/2024;3250.71;3250.79;3250.65;3250.79;-0.02882940506790975
04/16/2024;3380.84;3381.14;3378.77;3378.77;0.039250765307969906
04/15/2024;3363.98;3363.98;3361.22;3361.22;-0.004999402539012637
4/12/2024;3559.4;3806.02;3447.51;3769.53;0.05646719454393044
4/11/2024;3772.49;3773.19;3772.49;3772.64;0.05814326956051119
4/10/2024;3779.64;3779.64;3777.99;3777.99;0.0018935061065634188
4/09/2024;3735.32;3735.32;3735.09;3735.09;-0.011795276048540982
4/08/2024;3885.83;3904.39;3845.04;3887.88;0.03950311226272329
4/05/2024;3622.57;3656.55;3549.27;3564.3;-0.0701528845175069
4/04/2024;3639.29;3640.2;3639.18;3640.2;0.004604888980406076
4/03/2024;3564.36;3564.39;3563.02;3563.02;-0.02080409306950814
4/02/2024;3503.66;3503.83;3501.08;3501.08;-0.017176378205627153
4/01/2024;3741.95;3741.95;3741.26;3741.26;0.06579872952126956
03/28/2024;3757.93;3824.51;3725.91;3812.47;0.004261407964533767
03/27/2024;3761.88;3763.27;3761.43;3761.43;0.0010505585548818228
03/26/2024;3798.12;3798.63;3797.59;3798.63;0.009587375024129383
03/25/2024;3792.11;3792.21;3791.93;3791.93;-0.0015836150567262721
03/22/2024;3404.98;3645.17;3395.52;3513.73;-0.10768352654175678
03/21/2024;3601.15;3602.08;3601.06;3601.06;0.05601417302589507
03/20/2024;3675.03;3675.03;3673.55;3673.55;0.02030805700179141
03/19/2024;3395.79;3398.0;3395.79;3395.98;-0.07902486681553071
03/18/2024;3685.81;3685.81;3681.32;3682.17;0.08195388244606186
03/15/2024;3762.06;3875.4;3700.76;3735.74;0.020476368187654637
03/14/2024;3973.25;3973.25;3967.98;3967.98;0.054617719879819206
03/13/2024;4042.11;4042.11;4039.58;4039.58;0.01718243326670759
3/12/2024;3963.99;3963.99;3963.51;3963.65;-0.019515739101278965
3/11/2024;4025.04;4025.04;4024.59;4024.88;0.01528375494912443
3/08/2024;3828.08;3922.88;3718.66;3829.49;-0.05017147669542247
3/07/2024;3788.14;3788.93;3788.11;3788.93;-0.01048823855573313
3/06/2024;3714.71;3714.71;3713.0;3713.0;-0.01957452024662733
3/05/2024;3522.61;3527.09;3522.61;3527.09;-0.0530984210872922
3/04/2024;3754.92;3755.42;3754.92;3754.98;0.06386478793811083
3/01/2024;3467.32;3492.26;3369.62;3459.32;-0.07968501880134654
02/29/2024;3404.86;3406.77;3404.86;3406.77;-0.018178138510718225
02/28/2024;3400.51;3400.51;3399.1;3399.92;-0.0012784023770751843
02/27/2024;3190.43;3191.58;3190.43;3191.58;-0.06376971642243959
02/26/2024;3085.84;3085.84;3085.77;3085.77;-0.033331798405135706
02/23/2024;2853.44;2898.64;2839.34;2865.06;-0.07829862158128782
02/22/2024;2891.36;2891.36;2891.07;2891.07;0.013201695703339178
02/21/2024;2886.73;2887.13;2886.36;2887.13;-0.0016026060483494422
02/20/2024;2927.5;2928.5;2927.5;2928.5;0.014024442870367852
02/16/2024;2908.42;2925.38;2881.76;2889.14;-0.006538838086414167
02/15/2024;2887.36;2887.9;2887.36;2887.9;-0.007267388579322375
02/14/2024;2865.31;2865.96;2865.13;2865.13;-0.007666043067477118
02/13/2024;2718.65;2718.74;2718.18;2718.18;-0.052541113187319854
2/12/2024;2757.38;2758.34;2757.38;2758.34;0.01414551995034001
2/09/2024;2594.76;2639.62;2498.58;2609.5;-0.06078692672787473
2/08/2024;2500.23;2500.29;2500.23;2500.25;-0.037111299149252416
2/07/2024;2475.77;2476.61;2475.77;2476.03;-0.00983126889567649
2/06/2024;2402.08;2402.11;2402.08;2402.08;-0.030216430064880437
2/05/2024;2360.74;2360.87;2360.73;2360.87;-0.01735989947175553
2/02/2024;2378.72;2396.74;2350.64;2352.82;0.007587398672801245
2/01/2024;2384.15;2384.15;2383.99;2383.99;0.0022801388039407292
01/31/2024;2316.7;2316.77;2316.6;2316.77;-0.028698907392557947
01/30/2024;2371.86;2371.86;2371.33;2371.5;0.0235306981769023
01/29/2024;2391.66;2392.05;2391.66;2392.01;0.008313228046055561
01/26/2024;2315.09;2327.24;2218.44;2269.71;-0.03253912184488453
01/25/2024;2222.11;2222.11;2221.78;2221.78;-0.04099136872975588
01/24/2024;2233.47;2233.54;2233.47;2233.52;0.005099234943779438
01/23/2024;2227.75;2227.95;2226.13;2226.13;-0.0025643223756909085
01/22/2024;2250.96;2250.96;2250.35;2250.35;0.010364684375963515
01/19/2024;2374.43;2395.67;2295.18;2358.09;0.05340061679533988
01/18/2024;2341.92;2341.92;2340.51;2341.38;-0.01378630292849594
01/17/2024;2422.3;2422.3;2421.93;2421.93;0.0337463962815494
01/16/2024;2464.36;2464.61;2464.29;2464.61;0.017214636860193377
1/12/2024;2414.93;2458.21;2396.75;2399.23;-0.020261837718040864
1/11/2024;2567.08;2567.08;2566.69;2566.71;0.06109876500998418
1/10/2024;2604.38;2604.38;2603.75;2603.75;0.014425576851964349
1/09/2024;2493.84;2493.84;2492.86;2492.86;-0.04337095180878632
1/08/2024;2507.65;2507.65;2507.25;2507.25;0.005522368372797346
1/05/2024;2405.24;2412.05;2329.49;2393.82;-0.041696368924545174
1/04/2024;2396.23;2396.23;2393.1;2393.1;-0.0037530217102737197
1/03/2024;2333.38;2333.52;2332.64;2332.64;-0.026578808781136113
1/02/2024;2478.51;2478.51;2478.4;2478.45;0.06033971298155216
12/29/2023;2420.93;2421.05;2330.22;2351.9;-0.023505809302881823
12/28/2023;2360.22;2360.42;2359.06;2359.06;-0.0253969288341209
12/27/2023;2436.38;2436.38;2435.43;2436.23;0.03175849608204
12/26/2023;2322.32;2322.32;2321.17;2321.17;-0.04794664510249375
12/22/2023;2389.5;2403.33;2352.91;2362.39;0.028517453024773688
12/21/2023;2392.55;2392.55;2390.75;2390.75;0.0012756037321113038
12/20/2023;2346.36;2346.5;2344.75;2344.75;-0.019494551624140308
12/19/2023;2304.54;2304.54;2304.24;2304.34;-0.017984100771931494
12/18/2023;2338.29;2338.29;2337.88;2337.88;0.01453880262473723
12/15/2023;2303.86;2370.0;2291.87;2320.99;-0.014833915898296395
12/14/2023;2369.14;2369.14;2368.88;2369.03;0.027941042997212718
12/13/2023;2345.52;2345.69;2345.48;2345.69;-0.010019894379215865
12/12/2023;2250.29;2255.36;2250.29;2255.36;-0.04144802891679453
12/11/2023;2296.72;2297.67;2296.72;2297.67;0.02042292134902893
12/08/2023;2433.44;2457.6;2383.7;2404.44;0.05782387599313407
12/07/2023;2400.18;2400.44;2400.18;2400.2;-0.013762159600381109
12/06/2023;2382.73;2383.08;2382.73;2383.08;-0.00729684540395384
12/05/2023;2402.82;2403.32;2402.45;2402.45;0.008396158444082017
12/04/2023;2295.58;2295.77;2294.96;2294.96;-0.04565751268677017
12/01/2023;2137.9;2152.85;2098.78;2119.5;-0.07116149607067324
11/30/2023;2099.34;2100.11;2099.34;2100.11;-0.018201029207239032
11/29/2023;2083.16;2083.16;2082.68;2082.68;-0.007737037998097816
11/28/2023;2102.36;2102.6;2101.94;2102.6;0.009174551633081405
11/27/2023;2058.91;2059.03;2058.81;2059.03;-0.020883806700747645
11/24/2023;2094.11;2138.31;2075.19;2107.23;0.016951925558485882
11/22/2023;2076.29;2095.56;2052.78;2083.47;-0.008545994847208744
11/21/2023;1996.64;1996.64;1995.71;1995.71;-0.039116879485092154
11/20/2023;2072.78;2092.9;2040.95;2056.79;0.03742493365755315
11/17/2023;2013.76;2029.43;1974.29;2004.17;-0.028887080078528596
11/16/2023;2013.17;2013.37;2013.17;2013.36;-0.000293027196510336
11/15/2023;2089.05;2089.09;2089.03;2089.09;0.03699882302515221
11/14/2023;1982.72;1982.72;1982.61;1982.69;-0.052239777818816314
11/13/2023;2036.01;2036.01;2035.59;2035.59;0.026522370901312653
11/10/2023;2084.1;2092.96;2043.86;2072.41;0.023345097117237677
11/09/2023;2061.66;2062.49;2061.66;2062.49;-0.010825623843443946
11/08/2023;1974.71;1975.04;1974.55;1974.55;-0.0430899314126957
11/07/2023;1950.56;1950.56;1950.4;1950.4;-0.01230504129396909
11/06/2023;1931.09;1931.6;1931.09;1931.6;-0.010031900499297183
11/03/2023;1896.94;1904.31;1864.6;1880.97;-0.017842548770445957
11/02/2023;1893.86;1894.68;1893.86;1894.68;-0.0016249871677481084
11/01/2023;1941.77;1941.81;1941.63;1941.81;0.02498285385449229
10/31/2023;1893.08;1893.18;1892.83;1892.83;-0.025394795956046826
10/30/2023;1889.13;1889.13;1888.99;1889.03;-0.0020887266630256886
10/27/2023;1852.39;1872.27;1826.52;1868.76;-0.01963970842481216
10/26/2023;1869.35;1869.35;1868.37;1868.37;0.00911407965114005
10/25/2023;1884.82;1884.82;1884.53;1884.81;0.008241548765309522
10/24/2023;1851.27;1852.67;1851.27;1852.67;-0.017960435571609906
10/23/2023;1832.62;1832.62;1831.61;1831.61;-0.010125253106939089
10/20/2023;1635.85;1641.04;1622.33;1631.85;-0.1135840900102393
10/19/2023;1586.77;1586.82;1586.77;1586.82;-0.030462043430446836
10/18/2023;1572.65;1572.69;1572.57;1572.57;-0.008938408954706874
10/17/2023;1576.55;1576.56;1576.53;1576.53;0.0024768207759164177
10/16/2023;1582.93;1582.97;1582.93;1582.97;0.004038644759154937
10/13/2023;1520.35;1527.96;1500.46;1514.16;-0.040336988575806774
10/12/2023;1508.17;1508.28;1508.17;1508.22;-0.00804357618211775
10/11/2023;1514.09;1514.09;1514.05;1514.07;0.003917603099327983
10/10/2023;1538.11;1538.55;1538.11;1538.41;0.01573979155555371
10/09/2023;1550.45;1550.6;1550.45;1550.6;0.007990821394003299
10/06/2023;1590.99;1598.58;1543.35;1555.7;0.02581125260441923
10/05/2023;1555.52;1555.57;1555.48;1555.57;-0.022546569105820716
10/04/2023;1575.08;1575.08;1574.55;1574.55;0.012496169763482608
10/03/2023;1561.55;1562.16;1561.28;1561.28;-0.008627146916969513
10/02/2023;1573.49;1573.67;1573.24;1573.24;0.007617164521686193
09/29/2023;1548.05;1567.08;1539.15;1554.89;-0.016300007855640994
09/28/2023;1553.79;1553.79;1553.25;1553.27;0.0037010332912335905
09/27/2023;1515.9;1515.9;1515.07;1515.07;-0.024687785694909897
09/26/2023;1500.49;1500.66;1500.48;1500.66;-0.010217600552943336
09/25/2023;1501.72;1501.8;1501.72;1501.8;0.0008193964238475026
09/22/2023;1514.0;1520.1;1509.52;1515.75;0.008144037160517273
09/21/2023;1508.08;1508.15;1508.05;1508.05;-0.003917836438737342
09/20/2023;1542.69;1542.69;1542.53;1542.53;0.022690327296528427
09/19/2023;1552.49;1552.49;1552.23;1552.23;0.006332447707871487
09/18/2023;1529.39;1529.39;1529.06;1529.1;-0.014991130486142555
09/15/2023;1522.47;1529.18;1505.36;1513.5;-0.004534947120494308
09/14/2023;1520.37;1520.46;1520.09;1520.09;-0.0013802896855635272
09/13/2023;1502.96;1503.13;1502.96;1503.13;-0.011517229311812552
9/12/2023;1487.26;1487.33;1487.26;1487.31;-0.01050099609450396
9/11/2023;1445.52;1445.52;1445.38;1445.38;-0.02846638246096427
9/08/2023;1500.53;1501.26;1490.02;1496.74;0.03734926061253716
9/07/2023;1518.64;1518.71;1518.64;1518.69;0.01199681846617387
9/06/2023;1492.67;1492.74;1492.67;1492.71;-0.017248734854394886
9/05/2023;1494.74;1494.74;1494.65;1494.65;0.001385816028790045
9/01/2023;1488.22;1509.76;1484.37;1501.42;-0.004371503729933441
08/31/2023;1509.21;1509.25;1509.09;1509.25;0.014005560168489483
08/30/2023;1572.25;1572.84;1572.25;1572.84;0.040921379328375064
08/29/2023;1594.78;1616.54;1501.26;1505.82;0.014228081247489487
08/28/2023;1512.05;1512.05;1511.96;1511.96;-0.05326944969531528
08/25/2023;1509.71;1525.73;1495.84;1513.03;-0.0015487665914844617
08/24/2023;1515.85;1516.07;1515.85;1516.06;0.004058758331646563
08/23/2023;1536.52;1536.57;1536.52;1536.57;0.013543781366035363
08/22/2023;1506.75;1507.31;1506.75;1507.19;-0.01956510571883076
08/21/2023;1517.18;1517.22;1517.18;1517.2;0.006898335187009073
08/18/2023;1513.52;1550.45;1492.65;1529.02;-0.002415284771998624
08/17/2023;1549.71;1549.71;1549.36;1549.71;0.023629752856150023
08/16/2023;1661.23;1661.49;1661.23;1661.49;0.06949047519350696
08/15/2023;1688.08;1688.11;1688.08;1688.11;0.01603349656998029
08/14/2023;1703.04;1703.04;1703.02;1703.02;0.008823100951468401
8/11/2023;1702.58;1710.89;1694.4;1703.64;-0.00027014170858607166
8/10/2023;1707.56;1707.61;1707.56;1707.61;0.0029207032791382795
8/09/2023;1715.25;1715.25;1715.14;1715.14;0.00449339165117847
8/08/2023;1723.85;1723.87;1723.85;1723.87;0.005001318906756083
8/07/2023;1689.07;1689.07;1688.78;1688.79;-0.020382079886961828
8/04/2023;1684.23;1700.27;1672.07;1693.15;-0.0028695955422165464
8/03/2023;1691.64;1692.22;1691.64;1692.22;0.004389986522256544
8/02/2023;1694.59;1694.59;1694.54;1694.54;0.0017423510785134998
8/01/2023;1730.05;1730.72;1730.05;1730.72;0.020709486158933536
07/31/2023;1704.15;1704.26;1704.07;1704.07;-0.015083857124258273
07/28/2023;1712.2;1722.03;1699.47;1710.99;0.004712640624362006
07/27/2023;1705.34;1705.49;1705.34;1705.49;-0.004014588981259217
07/26/2023;1711.39;1711.39;1711.17;1711.17;0.0035414014704219727
07/25/2023;1700.01;1700.01;1699.73;1699.73;-0.0066717724176004215
07/24/2023;1698.54;1698.71;1698.54;1698.71;-0.0008650748652651104
07/21/2023;1743.42;1750.58;1732.12;1740.34;0.026079642833633225
07/20/2023;1734.78;1735.2;1734.78;1735.2;-0.004968097160039746
07/19/2023;1737.18;1737.35;1737.0;1737.35;0.001382504626933439
07/18/2023;1741.13;1741.13;1740.43;1740.43;0.0022712188953744952
07/17/2023;1755.92;1755.92;1755.66;1755.66;0.008458608360116686
07/14/2023;1760.89;1843.03;1741.95;1815.3;0.0028264269657152863
07/13/2023;1833.03;1833.03;1831.55;1831.55;0.04015097228146895
7/12/2023;1749.84;1750.03;1749.84;1750.03;-0.04644598015160023
7/11/2023;1757.28;1757.33;1757.28;1757.32;0.004242803873751241
7/10/2023;1753.33;1753.41;1753.33;1753.41;-0.0022503221188815065
7/07/2023;1745.73;1753.85;1718.89;1741.07;-0.004344030654734527
7/06/2023;1724.53;1724.58;1724.46;1724.58;-0.012218256694071696
7/05/2023;1766.64;1766.79;1766.64;1766.79;0.024124887846212254
7/03/2023;1787.77;1813.74;1778.99;1805.73;0.011889595693907361
06/30/2023;1775.11;1793.69;1702.86;1786.83;-0.007106640292140088
06/29/2023;1744.78;1745.18;1744.78;1745.18;-0.0172339196304249
06/28/2023;1723.9;1723.9;1723.42;1723.42;-0.012039307288969583
06/27/2023;1751.65;1751.65;1751.17;1751.31;0.015969034948884235
06/26/2023;1737.22;1737.38;1737.22;1737.38;-0.008272066476237004
06/23/2023;1754.28;1800.09;1716.92;1731.63;0.009772381937944543
06/22/2023;1728.12;1728.12;1727.98;1728.05;-0.015024403914233297
06/21/2023;1739.41;1739.41;1738.64;1738.64;0.006511862850735474
06/20/2023;1635.67;1637.67;1635.67;1637.67;-0.0614934689232761
06/16/2023;1560.0;1571.23;1531.13;1540.32;-0.0473666850811681
06/15/2023;1486.81;1486.81;1486.23;1486.23;-0.048052935988920686
06/14/2023;1471.17;1471.44;1471.17;1471.44;-0.010574882689589348
06/13/2023;1528.17;1528.21;1528.17;1528.19;0.038012938517345427
6/12/2023;1530.0;1530.0;1529.76;1529.76;0.001196794304062987
6/09/2023;1579.46;1597.81;1571.87;1592.87;0.03181528106522005
6/08/2023;1582.37;1582.37;1582.19;1582.26;0.001840706693047063
6/07/2023;1576.11;1576.15;1575.97;1576.15;-0.003963937208303342
6/06/2023;1624.33;1624.52;1624.33;1624.45;0.03013563711289749
6/05/2023;1544.3;1545.11;1544.3;1544.83;-0.050524689820387284
6/02/2023;1632.46;1635.59;1588.92;1622.15;0.055517346324354254
6/01/2023;1598.96;1599.34;1598.96;1599.34;-0.020734661667023344
05/31/2023;1628.6;1629.07;1628.6;1629.07;0.018367332146744648
05/30/2023;1648.99;1648.99;1648.63;1648.63;0.012442229226797519
05/26/2023;1640.56;1681.73;1636.82;1679.43;-0.005125332312314129
05/25/2023;1574.39;1574.47;1574.38;1574.47;-0.04116975129571319
05/24/2023;1563.7;1563.7;1563.31;1563.31;-0.006813087802336525
05/23/2023;1617.17;1617.17;1617.1;1617.1;0.03362290016383559
05/22/2023;1594.8;1594.8;1594.2;1594.2;-0.01392937150610026
05/19/2023;1594.06;3344.09;1583.08;1594.79;-0.00046411571112138814
05/18/2023;1590.13;1590.59;1590.13;1590.58;-0.0024684469177608586
05/17/2023;1617.99;1617.99;1617.86;1617.95;0.017368864251304347
05/16/2023;1599.43;1599.49;1598.86;1598.86;-0.01153732237385581
05/15/2023;1611.8;1611.8;1611.63;1611.63;0.007704251134644542
5/12/2023;1587.91;1595.04;1531.2;1561.08;-0.014932880752394179
5/11/2023;1589.81;1589.84;1589.62;1589.62;0.0011958260805965094
5/10/2023;1625.28;1625.28;1625.24;1625.27;0.022065596394266973
5/09/2023;1639.14;1639.14;1637.2;1637.2;0.008491605420812117
5/08/2023;1628.71;1628.71;1628.62;1628.62;-0.0063834236068751994
5/05/2023;1748.24;1756.14;1692.27;1705.15;0.07082127713507981
5/04/2023;1692.36;1692.54;1692.27;1692.54;-0.03248556306974785
5/03/2023;1705.34;1705.34;1705.15;1705.15;0.007640499834977124
5/02/2023;1679.62;1679.62;1679.43;1679.43;-0.01519692699093596
5/01/2023;1648.13;1648.13;1647.84;1647.84;-0.018926265482766755
04/28/2023;1719.1;1731.27;1695.41;1714.93;0.042159586194024296
04/27/2023;1721.0;1721.0;1720.22;1720.43;0.0011046191640916904
04/26/2023;1726.16;1727.54;1725.96;1727.54;0.0029937710195903694
04/25/2023;1673.5;1675.34;1673.5;1675.34;-0.030982046579748408
04/24/2023;1626.84;1626.87;1626.37;1626.37;-0.028277758772083033
04/21/2023;1617.94;1692.87;1610.38;1675.37;-0.005485747766740127
04/20/2023;1677.51;1679.5;1677.51;1679.5;0.036156815967373516
04/19/2023;1714.45;1714.45;1713.0;1713.0;0.021781778376505342
04/18/2023;1815.13;1815.13;1814.92;1814.92;0.0570647610218944
04/17/2023;1770.23;1770.52;1770.23;1770.52;-0.025047608849557347
04/14/2023;1818.06;1847.43;1787.32;1827.91;0.02666051686438307
04/13/2023;1795.22;1795.5;1795.22;1795.5;-0.012642421406874159
4/12/2023;1749.19;1749.19;1748.98;1748.98;-0.025974753463012975
4/11/2023;1759.72;1759.72;1758.4;1758.4;0.006001881843535446
4/10/2023;1737.56;1737.63;1737.56;1737.6;-0.012672875249986325
4/06/2023;1650.55;1665.73;1642.55;1660.9;-0.051373264532072534
4/05/2023;1672.33;1672.52;1672.33;1672.35;0.013109297906368368
4/04/2023;1670.35;1670.35;1669.98;1669.98;-0.0011846783009868752
4/03/2023;1633.95;1633.95;1633.62;1633.62;-0.02203278909356409
03/31/2023;1670.81;1674.74;1616.41;1645.83;0.02230814256535612
03/30/2023;1643.71;1644.26;1643.71;1643.82;-0.016352656732697278
03/29/2023;1656.12;1656.42;1656.12;1656.42;0.00752163505872586
03/28/2023;1604.76;1604.97;1604.49;1604.49;-0.031503304415243384
03/27/2023;1579.54;1579.7;1579.47;1579.7;-0.015840547281455713
03/24/2023;1602.93;1661.43;1581.67;1632.81;0.014699539142552143
03/23/2023;1659.09;1659.26;1659.04;1659.26;0.034436054733109324
03/22/2023;1601.77;1601.97;1601.73;1601.73;-0.035159991482671904
03/21/2023;1646.85;1647.59;1646.85;1647.59;0.027755104564611634
03/20/2023;1620.58;1621.66;1620.58;1621.66;-0.01608026250660984
03/17/2023;1605.67;1606.91;1477.93;1572.17;-0.009242994901383932
03/16/2023;1481.49;1481.49;1481.38;1481.48;-0.08049277686564413
03/15/2023;1455.61;1455.61;1454.54;1454.54;-0.017623281341570884
03/14/2023;1467.85;1470.75;1466.67;1470.75;0.008373688383591121
03/13/2023;1453.8;1454.17;1453.8;1454.07;-0.009617927066698404
3/10/2023;1224.28;1228.36;1182.45;1224.24;-0.17182790196948958
3/09/2023;1212.48;1212.48;1211.07;1211.07;-0.009685067250809556
3/08/2023;1315.25;1315.25;1315.01;1315.01;0.08135891278068065
3/07/2023;1344.29;1344.7;1344.29;1344.7;0.021839231005881667
3/06/2023;1356.36;1356.56;1356.36;1356.56;0.008938648373841555
3/03/2023;1351.01;1358.84;1338.69;1352.87;-0.003952180133334918
3/02/2023;1381.23;1383.0;1380.8;1383.0;0.02212194566591782
3/01/2023;1425.67;1425.67;1425.34;1425.6;0.03166747212028725
02/28/2023;1396.03;1396.03;1395.35;1395.35;-0.021009384580751744
02/27/2023;1413.11;1413.15;1413.11;1413.12;0.012160455140914074
02/24/2023;1398.19;1450.05;1380.8;1430.9;-0.01061440620400277
02/23/2023;1448.42;1448.42;1447.94;1448.1;0.03529476413671973
02/22/2023;1449.05;1449.35;1449.05;1449.35;0.00043486214520106715
02/21/2023;1462.29;1462.57;1462.23;1462.23;0.009095530770837032
02/17/2023;1490.89;1508.65;1447.96;1448.46;0.019369557001459696
02/16/2023;1433.69;1433.69;1433.09;1433.09;-0.03912171678588421
02/15/2023;1478.67;1478.9;1478.67;1478.9;0.030891494814741922
02/14/2023;1340.25;1340.25;1340.19;1340.19;-0.09828687137509796
02/13/2023;1307.13;1307.14;1307.1;1307.14;-0.025022269607341503
2/10/2023;1306.83;1331.98;1299.22;1322.62;-0.00022953679575608843
2/09/2023;1324.95;1325.29;1324.7;1325.29;0.013770365554701548
2/08/2023;1402.01;1402.01;1401.88;1401.92;0.05653219837746487
2/07/2023;1424.93;1425.24;1424.93;1425.01;0.0162157684524531
2/06/2023;1389.27;1389.27;1389.06;1389.06;-0.02534426037579012
2/03/2023;1426.48;1439.54;1407.65;1413.8;0.02643144191241257
2/02/2023;1426.06;1426.26;1426.06;1426.26;-0.00029447440038361073
2/01/2023;1455.12;1455.27;1455.12;1455.27;0.02017297460617729
01/31/2023;1385.37;1386.61;1385.33;1386.61;-0.049121119473382505
01/30/2023;1370.35;1370.41;1370.18;1370.18;-0.010901070311518163
01/27/2023;1390.74;1413.91;1357.93;1375.19;0.014769797917956524
01/26/2023;1378.31;1379.43;1378.31;1379.43;-0.008977868576049392
01/25/2023;1400.0;1400.06;1399.77;1399.77;0.01561412561475874
01/24/2023;1341.22;1341.22;1340.42;1340.74;-0.04289258910337218
01/23/2023;1392.84;1393.03;1392.65;1392.65;0.03776518066855372
01/20/2023;1387.9;1391.35;1281.8;1292.75;-0.0035530148067373676
01/19/2023;1296.21;1296.21;1295.98;1295.98;-0.06834719153911985
01/18/2023;1272.04;1272.22;1272.01;1272.22;-0.018822710876158565
01/17/2023;1304.61;1304.61;1304.32;1304.34;0.02528223457083326
01/13/2023;1306.76;1319.98;1269.68;1300.53;0.0016466456195790386
1/12/2023;1162.39;1162.46;1162.39;1162.46;-0.11707256080843124
1/11/2023;1137.31;1137.73;1137.31;1137.73;-0.021812405421984055
1/10/2023;1088.19;1088.41;1088.15;1088.41;-0.04415005938413805
1/09/2023;1075.46;1076.02;1075.46;1076.02;-0.011767288509948905
1/06/2023;1049.79;1051.7;1028.07;1035.11;-0.024158332863523937
1/05/2023;1039.84;1039.84;1039.73;1039.73;-0.009523289002863245
1/04/2023;1039.63;1039.72;1039.63;1039.69;-0.00020197454227630093
1/03/2023;1026.69;1026.69;1026.47;1026.47;-0.012524845289785105
12/30/2022;1023.37;1027.12;1009.7;1010.92;-0.003238932423852895
12/29/2022;1012.85;1012.92;1012.85;1012.92;-0.010332963630308918
12/28/2022;1008.46;1008.46;1008.37;1008.37;-0.0043437245177831915
12/27/2022;1021.15;1021.15;1020.53;1020.53;0.012505028421134703
12/23/2022;1030.71;1032.85;1026.0;1028.24;0.009318441976688472
12/22/2022;1026.34;1026.34;1026.18;1026.2;-0.004248809289101742
12/21/2022;1027.3;1027.3;1027.19;1027.29;0.0009349253714640931
12/20/2022;1026.9;1026.95;1026.68;1026.68;-0.0003894460179685315
12/19/2022;1002.96;1003.06;1002.96;1003.06;-0.023588927396479786
12/16/2022;1004.75;1076.59;1001.83;1033.41;0.001783126521540787
12/15/2022;1069.04;1069.04;1068.82;1068.82;0.06202229514349488
12/14/2022;1095.77;1095.77;1095.7;1095.74;0.024696262998122127
12/13/2022;1099.99;1099.99;1099.37;1099.37;0.00384377636512091
12/12/2022;1060.54;1060.6;1060.49;1060.6;-0.0365228764850993
12/09/2022;1059.16;1076.38;1054.93;1064.27;-0.0013020712317495
12/08/2022;1070.89;1072.03;1070.31;1070.31;0.011013937303980474
12/07/2022;1036.96;1037.45;1036.96;1037.45;-0.032196722743774275
12/06/2022;1057.19;1057.3;1056.96;1057.3;0.019321089057827232
12/05/2022;1058.59;1058.65;1058.59;1058.61;0.0013233892033434737
12/02/2022;1065.34;1066.53;1051.14;1054.35;0.006356163080176733
12/01/2022;1059.08;1059.18;1059.08;1059.18;-0.005893390307511587
11/30/2022;1065.2;1065.35;1065.2;1065.3;0.005761968226535536
11/29/2022;1049.49;1049.49;1049.0;1049.35;-0.014858243071316304
11/28/2022;994.4;994.46;994.4;994.41;-0.053920070671959544
11/25/2022;1017.32;1020.64;1002.21;1013.43;0.022787457293955073
11/23/2022;1021.91;1029.86;1010.93;1014.06;0.004501706773143832
11/22/2022;981.91;981.95;981.9;981.95;-0.03992904980372516
11/21/2022;958.48;958.48;958.22;958.22;-0.024150958128231297
11/18/2022;1020.2;1039.84;1014.88;1028.61;0.06240526915718263
11/17/2022;1033.01;1033.32;1033.01;1033.32;0.012478184126066567
11/16/2022;1026.54;1026.78;1026.54;1026.73;-0.0062829465502806025
11/15/2022;1039.94;1040.4;1039.94;1040.4;0.012969095098848653
11/14/2022;1028.94;1029.19;1028.82;1029.19;-0.010633873067350143
11/11/2022;1048.08;1082.5;1007.2;1071.49;0.018430772749304394
11/10/2022;1080.01;1080.19;1080.01;1080.19;0.03001038148924287
11/09/2022;981.71;981.71;980.95;980.95;-0.09542963027673601
11/08/2022;1122.42;1123.51;1122.42;1123.51;0.1339463985309464
11/07/2022;1285.18;1285.22;1285.13;1285.22;0.1354117177514818
11/04/2022;1328.74;1336.73;1257.58;1292.91;0.03333233841730932
11/03/2022;1260.06;1260.06;1259.92;1259.92;-0.05307178589826766
11/02/2022;1250.96;1250.98;1250.96;1250.98;-0.0072480823241369745
11/01/2022;1276.79;1277.05;1276.79;1276.85;0.02043785904941794
10/31/2022;1273.75;1274.04;1273.69;1274.04;-0.002383810047738355
10/28/2022;1275.84;1285.02;1231.83;1244.69;0.0016394796560555956
10/27/2022;1256.53;1289.55;1248.56;1281.18;-0.015250831648763855
10/26/2022;1284.26;1284.37;1284.12;1284.37;0.021828723418737452
10/25/2022;1232.93;1232.93;1232.03;1232.03;-0.040789226510783774
10/24/2022;1165.59;1165.83;1165.59;1165.83;-0.056166053880464764
10/21/2022;1148.24;1152.76;1116.43;1122.06;-0.014997061308590279
10/20/2022;1136.34;1136.53;1136.34;1136.53;-0.010417763987426047
10/19/2022;1143.72;1143.72;1143.31;1143.49;0.006473536461835951
10/18/2022;1157.11;1157.11;1156.87;1156.87;0.011639409402806144
10/17/2022;1176.93;1176.93;1176.61;1176.61;0.016983836114289348
10/14/2022;1144.02;1189.76;1142.07;1187.21;-0.028360977950222067
10/13/2022;1156.55;1156.55;1155.74;1155.74;0.010893060327901648
10/12/2022;1147.95;1148.01;1147.91;1147.91;-0.007463692708270024
10/11/2022;1142.06;1142.5;1142.06;1142.39;-0.0051440936836771554
10/10/2022;1139.25;1139.25;1138.91;1138.91;-0.0024634980963708273
10/07/2022;1176.83;1203.96;1163.65;1175.37;0.032454231680297
10/06/2022;1203.11;1203.29;1203.11;1203.24;0.02208548804167232
10/05/2022;1212.59;1212.7;1212.59;1212.7;0.007848696995127878
10/04/2022;1209.93;1210.11;1209.89;1210.11;-0.002196061183419086
10/03/2022;1176.53;1177.68;1176.53;1177.68;-0.02799307847283998
09/30/2022;1164.49;1211.26;1157.98;1162.27;-0.01028620529386235
09/29/2022;1174.4;1174.4;1173.89;1174.32;0.008474155949283692
09/28/2022;1174.38;1174.39;1174.25;1174.39;-1,70E+11
09/27/2022;1164.0;1164.86;1164.0;1164.86;-0.008877999451104379
09/26/2022;1167.37;1167.37;1166.74;1166.74;0.0028910060155023926
09/23/2022;1153.74;1179.18;1115.85;1139.56;-0.011744515916334674
09/22/2022;1167.16;1167.3;1166.43;1166.43;0.011564608182815619
09/21/2022;1105.6;1105.6;1104.56;1104.56;-0.054185273559961035
09/20/2022;1147.82;1147.86;1146.92;1146.92;0.03747631714748821
09/19/2022;1181.16;1181.49;1181.07;1181.07;0.02863251526822678
09/16/2022;1211.73;1227.82;1185.25;1213.79;0.025552084105482244
09/15/2022;1221.08;1221.08;1220.73;1220.73;0.007686622495276552
09/14/2022;1286.75;1286.83;1284.96;1284.96;0.05238394650298489
09/13/2022;1264.26;1264.26;1263.87;1263.87;-0.017632688776092732
9/12/2022;1373.45;1373.45;1372.28;1372.84;0.08283885176683142
9/09/2022;1350.8;1356.78;1247.31;1345.33;-0.016628813012189908
9/08/2022;1251.1;1251.15;1250.93;1250.93;-0.07667384518805834
9/07/2022;1245.35;1245.55;1245.35;1245.55;-0.004606549434641746
9/06/2022;1192.57;1193.29;1192.57;1193.29;-0.043305972639362526
9/02/2022;1254.8;1264.82;1239.88;1256.4;0.05086555506717303
9/01/2022;1261.85;1262.17;1261.85;1262.17;0.0056027007663088544
08/31/2022;1255.57;1256.71;1255.57;1256.71;-0.004989245360016033
08/30/2022;1247.88;1248.85;1247.88;1248.24;-0.006143541262674126
08/29/2022;1257.52;1257.72;1256.9;1256.9;0.007695415959840785
08/26/2022;1278.02;1367.93;1270.65;1347.49;0.016170477847315463
08/25/2022;1349.52;1349.57;1349.45;1349.45;0.05443696838475809
08/24/2022;1336.3;1336.36;1336.23;1336.36;-0.009844372865040776
08/23/2022;1335.08;1335.08;1334.94;1335.04;-0.000913385654469093
08/22/2022;1333.17;1333.17;1331.32;1331.32;-0.0014316502023659402
08/19/2022;1325.05;1449.39;1314.79;1355.13;-0.006109370372780334
08/18/2022;1445.77;1445.77;1445.41;1445.77;0.08719185703559819
08/17/2022;1463.36;1463.6;1463.1;1463.6;0.012093109876692319
08/16/2022;1503.29;1504.17;1503.29;1504.09;0.02692087810977754
08/15/2022;1507.24;1507.24;1506.64;1506.88;0.0026241241686019525
8/12/2022;1524.09;1535.37;1486.84;1500.51;0.011117346872947112
8/11/2022;1503.01;1503.39;1502.54;1502.54;-0.013927746530229159
8/10/2022;1499.59;1499.59;1499.3;1499.3;-0.0022780266961836887
8/09/2022;1420.15;1420.15;1419.42;1419.42;-0.05442923757533798
8/08/2022;1476.55;1476.83;1476.12;1476.83;0.03894578565859716
8/05/2022;1427.5;1437.71;1399.09;1412.35;-0.03378362294769791
8/04/2022;1380.51;1380.72;1380.51;1380.72;-0.03347166643392836
8/03/2022;1400.74;1400.94;1399.68;1399.68;0.014547672291012923
8/02/2022;1384.12;1385.96;1384.12;1385.96;-0.011936109766001663
8/01/2022;1415.91;1416.58;1415.91;1416.58;0.02270787529040385
07/29/2022;1460.36;1480.74;1425.6;1430.82;0.03091054673849248
07/28/2022;1447.11;1448.2;1447.11;1448.2;-0.009114516557604889
07/27/2022;1387.23;1387.82;1387.23;1387.82;-0.04225951100252919
07/26/2022;1272.65;1272.65;1272.1;1272.1;-0.08620761241988618
07/25/2022;1262.99;1263.31;1262.82;1263.31;-0.007619415007351415
07/22/2022;1356.57;1427.02;1345.86;1420.25;0.0714775294958845
07/21/2022;1393.67;1394.04;1393.16;1394.04;0.026981100299241192
07/20/2022;1380.37;1380.37;1380.05;1380.05;-0.009588976301274926
07/19/2022;1385.85;1386.67;1385.85;1386.67;0.003962090628240349
07/18/2022;1367.07;1367.07;1365.86;1365.86;-0.013643906349271696
07/15/2022;1206.23;1229.24;1169.34;1206.3;-0.12516997023073204
07/14/2022;1171.81;1172.92;1171.81;1172.92;-0.028950231251083508
07/13/2022;1141.11;1142.03;1141.11;1142.03;-0.026548089077700534
7/12/2022;1086.68;1087.3;1086.68;1087.3;-0.048874296320057006
7/11/2022;1122.49;1122.49;1121.77;1121.77;0.03242225533473908
7/08/2022;1238.62;1278.41;1205.11;1215.3;0.09844842474587573
7/07/2022;1234.2;1234.32;1234.2;1234.32;-0.0035748697496672125
7/06/2022;1174.82;1174.95;1174.82;1174.86;-0.0493080425330836
7/05/2022;1144.5;1144.57;1144.47;1144.57;-0.026147083961261513
7/01/2022;1139.44;1143.58;1078.09;1095.34;-0.004430946766290631
06/30/2022;1152.69;1158.62;1138.1;1138.1;0.011561427658890035
06/29/2022;1133.84;1134.4;1133.84;1134.4;-0.01648823942657098
06/28/2022;1157.31;1157.61;1157.31;1157.61;0.02048824475991703
06/27/2022;1193.82;1194.35;1193.82;1194.35;0.031059903200644518
06/24/2022;1226.69;1236.06;1173.44;1210.53;0.027161235233874863
06/23/2022;1188.57;1189.14;1188.47;1188.47;-0.03156858121694469
06/22/2022;1140.29;1141.92;1140.29;1141.92;-0.041468287833311676
06/21/2022;1163.13;1163.16;1163.13;1163.16;0.019832031148550797
06/17/2022;1141.91;1188.64;1120.82;1163.56;-0.01841234814785633
06/16/2022;1140.81;1140.84;1140.79;1140.84;-0.000963762603511248
06/15/2022;1270.76;1270.76;1270.11;1270.11;0.10787661026451838
06/14/2022;1235.84;1236.75;1235.13;1236.75;-0.0278642458644369
06/13/2022;1245.92;1246.75;1243.71;1243.71;0.008123312028581136
6/10/2022;1659.24;1741.25;1642.58;1692.09;0.2864854533598509
6/09/2022;1712.33;1712.52;1711.97;1712.52;0.03149534994726085
6/08/2022;1727.11;1727.89;1727.11;1727.89;0.008594475250013006
6/07/2022;1785.63;1785.63;1785.05;1785.05;0.033321802735323515
6/06/2022;1761.51;1761.51;1760.34;1760.34;-0.01359989837609912
6/03/2022;1714.92;1766.17;1682.88;1699.2;-0.026804963463321344
6/02/2022;1754.64;1755.03;1754.49;1754.49;0.022897275371466522
6/01/2022;1719.14;1720.35;1719.14;1719.74;-0.02043954188735378
05/31/2022;1839.64;1839.82;1839.62;1839.82;0.06774573452091837
05/27/2022;1846.69;1870.22;1697.74;1701.56;0.003824947085720605
05/26/2022;1699.25;1699.97;1698.94;1698.94;-0.08320787014570792
05/25/2022;1762.65;1762.65;1760.05;1760.05;0.036631381221312084
05/24/2022;1757.86;1757.86;1757.23;1757.23;-0.0027211983239912806
05/23/2022;1745.22;1745.55;1745.11;1745.55;-0.0072165379356953
05/20/2022;1739.63;1824.97;1706.65;1796.04;-0.0032081752698318957
05/19/2022;1787.83;1789.2;1787.83;1789.2;0.027330146994913793
05/18/2022;1717.39;1717.39;1715.82;1716.27;-0.04019689744735074
05/17/2022;1835.99;1835.99;1835.06;1835.06;0.06677814907640488
05/16/2022;1791.17;1791.17;1791.02;1791.02;-0.024714807946681683
05/13/2022;1795.21;1861.97;1720.65;1843.17;0.0022529691270172804
5/12/2022;1720.65;1721.33;1720.65;1720.96;-0.04241988032745829
5/11/2022;1799.9;1801.35;1798.32;1798.32;0.04502898139004701
5/10/2022;1938.5;1939.53;1938.5;1939.14;0.07418337032555024
5/09/2022;1834.0;1834.74;1833.29;1834.74;-0.05541510429457369
5/06/2022;2224.41;2265.2;2179.92;2216.68;0.19299233808121113
5/05/2022;2259.01;2260.04;2259.01;2260.04;0.015434952298078649
5/04/2022;2447.43;2447.43;2446.07;2446.07;0.08011183018708991
5/03/2022;2319.15;2319.38;2318.9;2319.38;-0.05383775516607647
5/02/2022;2367.69;2368.94;2367.69;2368.94;0.020714057055275743
04/29/2022;2366.42;2459.62;2341.15;2398.47;-0.0005365316946440818
04/28/2022;2451.45;2452.85;2451.45;2452.85;0.0353014216298316
04/27/2022;2419.84;2420.76;2419.84;2420.67;-0.012978263944663143
04/26/2022;2357.2;2357.2;2353.8;2353.8;-0.026226948298755173
04/25/2022;2510.18;2510.18;2508.75;2508.75;0.0628799897382169
04/22/2022;2453.49;2524.82;2433.3;2501.96;-0.022842962990390476
04/21/2022;2499.22;2499.57;2499.09;2499.57;0.018467182462581284
04/20/2022;2569.39;2569.85;2567.95;2567.95;0.02768983345655732
04/19/2022;2556.97;2557.65;2556.97;2557.65;-0.004845552907385323
04/18/2022;2544.72;2544.72;2543.82;2543.82;-0.004802339437685523
04/14/2022;2512.48;2535.94;2479.64;2499.49;-0.012750311149008733
04/13/2022;2568.15;2568.15;2567.13;2567.13;0.021915482182292733
4/12/2022;2496.18;2497.16;2496.18;2497.16;-0.028424232045192253
4/11/2022;2464.8;2465.31;2463.39;2463.39;-0.012650894991286065
4/08/2022;2643.01;2735.79;2631.71;2683.23;0.06980775089393935
4/07/2022;2690.09;2690.37;2689.64;2690.37;0.017656231108876732
4/06/2022;2682.43;2682.73;2682.43;2682.55;-0.002851550181480592
4/05/2022;2780.64;2782.49;2780.32;2780.32;0.035958016912630036
4/04/2022;2903.5;2904.29;2903.5;2904.22;0.043235788795680886
4/01/2022;2875.82;2896.55;2726.55;2806.78;-0.009579054856097141
03/31/2022;2807.3;2807.3;2806.74;2807.17;-0.02411468363694933
03/30/2022;2901.28;2901.28;2899.66;2900.53;0.03292885158665728
03/29/2022;2896.81;2897.23;2896.81;2897.23;-0.001541887375183133
03/28/2022;2895.19;2895.28;2894.74;2895.28;-0.0005593922797803959
03/25/2022;2705.96;2755.33;2672.02;2746.05;-0.06759399159527445
03/24/2022;2684.1;2684.26;2683.67;2683.67;-0.008111271433817636
03/23/2022;2629.74;2631.94;2629.74;2631.94;-0.020460494252343378
03/22/2022;2583.2;2583.2;2582.47;2582.47;-0.017856041525251245
03/21/2022;2500.73;2500.81;2500.3;2500.3;-0.0324462512114761
03/18/2022;2541.55;2577.78;2434.44;2452.38;0.01619144188205677
03/17/2022;2471.82;2471.89;2471.75;2471.89;-0.027819409722224825
03/16/2022;2464.68;2464.68;2464.37;2464.57;-0.0028927397868635297
03/15/2022;2352.96;2352.96;2350.35;2350.35;-0.04638787159770013
03/14/2022;2351.67;2351.74;2351.33;2351.74;-0.0005483959556136762
3/11/2022;2319.6;2369.42;2286.65;2352.68;-0.013730957049958345
3/10/2022;2312.15;2313.35;2310.24;2313.35;-0.003216929421828126
3/09/2022;2489.48;2489.48;2489.26;2489.36;0.07389602572779427
3/08/2022;2339.23;2340.02;2338.51;2338.51;-0.06225203793762964
3/07/2022;2295.38;2295.38;2293.3;2293.3;-0.018923408240343588
3/04/2022;2341.07;2498.58;2311.63;2463.44;0.019709682664972354
3/03/2022;2467.87;2468.97;2467.52;2468.97;0.05274734061254588
3/02/2022;2635.75;2635.75;2634.94;2634.94;0.0658123410492625
3/01/2022;2625.27;2625.27;2624.59;2624.59;-0.003984023577911021
02/28/2022;2604.24;2606.51;2604.24;2606.51;-0.00804286189908626
02/25/2022;2419.97;2420.29;2289.7;2379.76;-0.07338574260038437
02/24/2022;2330.57;2331.1;2330.57;2331.1;-0.03764227054510766
02/23/2022;2230.95;2233.19;2230.95;2233.19;-0.043685369127853195
02/22/2022;2310.29;2310.79;2310.29;2310.79;0.034945554055036215
02/18/2022;2262.82;2404.95;2243.63;2374.87;-0.020761234724776673
02/17/2022;2476.3;2478.96;2476.3;2478.41;0.09015368759424455
02/16/2022;2708.89;2709.15;2708.66;2709.15;0.08977344624001077
02/15/2022;2713.19;2713.19;2712.44;2713.14;0.0015861075091007468
02/14/2022;2592.12;2594.71;2592.12;2594.71;-0.045648990683511
2/11/2022;2571.84;2699.53;2545.43;2693.49;-0.007854477672467497
2/10/2022;2662.04;2664.72;2662.04;2664.72;0.03447115011382773
2/09/2022;2734.17;2736.19;2734.17;2736.19;0.026735170168728426
2/08/2022;2703.95;2703.95;2703.56;2703.74;-0.011114249439278445
2/07/2022;2708.47;2708.5;2708.07;2708.5;0.0016702329275181454
2/04/2022;2508.17;2528.63;2286.06;2335.62;-0.07683049624540927
2/03/2022;2293.99;2294.39;2293.96;2293.96;-0.08926074406783312
2/02/2022;2286.96;2287.13;2286.85;2287.13;-0.0030692347738644986
2/01/2022;2370.91;2371.15;2370.91;2371.15;0.03605042296968544
01/31/2022;2347.97;2348.12;2347.39;2347.39;-0.00972272264271122
01/28/2022;2275.49;2289.55;2160.56;2202.72;-0.031355711226517674
01/27/2022;2209.44;2209.56;2209.44;2209.56;-0.029456324071458064
01/26/2022;2205.53;2207.78;2205.53;2207.78;-0.0017712469268157571
01/25/2022;2205.57;2205.57;2203.88;2203.88;1,81E+11
01/24/2022;2169.94;2170.28;2169.67;2169.67;-0.016286461493401586
01/21/2022;2255.95;2537.79;2179.76;2390.4;0.03887165286911829
01/20/2022;2537.1;2537.1;2536.65;2536.65;0.11745052620450974
01/19/2022;2611.2;2611.2;2610.12;2610.12;0.028788189313501536
01/18/2022;2664.09;2664.09;2662.47;2662.47;0.02005265010361672
01/14/2022;2665.5;2737.93;2624.42;2731.75;0.0005291213894113165
01/13/2022;2699.61;2701.34;2699.61;2701.34;0.012715660852056977
1/12/2022;2766.36;2766.58;2766.29;2766.29;0.024425058484632313
1/11/2022;2695.28;2696.44;2695.28;2696.44;-0.026030281549337658
1/10/2022;2612.48;2612.48;2611.28;2611.28;-0.031202133308796766
1/07/2022;2629.51;2754.51;2563.85;2625.03;0.006497555285170394
1/06/2022;2749.08;2749.08;2748.5;2748.5;0.04446879320671592
1/05/2022;2815.37;2815.37;2813.13;2813.13;0.02382738142435858
1/04/2022;3004.26;3004.26;3002.68;3002.76;0.06493758974604517
1/03/2022;2992.93;2993.41;2992.93;2993.08;-0.0037784407295751586
12/31/2021;2968.16;3094.07;2920.87;3064.49;-0.008310608484022673
12/30/2021;3012.96;3013.61;3012.24;3012.24;0.014980752047268254
12/29/2021;2965.19;2967.76;2965.19;2967.76;-0.01598187291425071
12/28/2021;3065.42;3065.83;3064.89;3065.83;0.03324347965444809
12/27/2021;3222.16;3223.09;3222.16;3222.47;0.049867351123588255
12/23/2021;3246.43;3320.75;3232.98;3285.53;0.007503988933156765
12/22/2021;3121.66;3121.66;3119.98;3120.89;-0.039191019437793774
12/21/2021;3162.19;3162.19;3161.72;3161.84;0.012899913919242311
12/20/2021;3044.5;3044.78;3044.43;3044.43;-0.03792814146709354
12/17/2021;3019.17;3114.97;2938.32;3022.45;-0.008354724890704596
12/16/2021;3106.7;3108.83;3106.7;3108.83;0.02857911040977488
12/15/2021;3171.71;3173.17;3171.25;3173.17;0.02070980503904826
12/14/2021;3089.46;3112.7;2963.82;3030.19;-0.026274556268342485
12/13/2021;3014.37;3016.64;3014.37;3016.64;-0.024605465235183963
12/10/2021;3107.7;3270.12;3076.63;3254.62;0.030492049628945233
12/09/2021;3193.18;3193.18;3191.76;3191.76;0.027134382710330484
12/08/2021;3351.83;3351.83;3350.19;3350.19;0.0484891798829244
12/07/2021;3333.56;3333.56;3332.49;3332.58;-0.005465663329243069
12/06/2021;3340.7;3342.82;3340.7;3342.82;0.002139563853895637
12/03/2021;3430.16;3722.16;3309.36;3674.63;0.02642654145228449
12/02/2021;3637.38;3637.65;3637.38;3637.63;0.058656734942496555
12/01/2021;3699.81;3700.74;3698.33;3698.33;0.017017824717584215
11/30/2021;3713.19;3713.19;3709.38;3710.39;0.003609878464807757
11/29/2021;3640.6;3642.3;3640.6;3642.3;-0.01974284221544804
11/26/2021;3421.69;3457.54;3393.81;3425.0;-0.0620139221612798
11/24/2021;3753.87;3765.39;3592.72;3641.97;0.09265272676802268
11/23/2021;3609.19;3609.58;3608.0;3609.58;-0.03930393739914155
11/22/2021;3540.17;3540.17;3537.49;3537.66;-0.019308621845757736
11/19/2021;3646.25;3651.04;3448.52;3599.69;0.02952449360828899
11/18/2021;3527.89;3527.89;3525.68;3525.88;-0.03299928367965075
11/17/2021;3732.92;3734.39;3732.92;3734.39;0.05649081069780259
11/16/2021;3708.25;3708.41;3707.19;3707.19;-0.006630701996361231
11/15/2021;3823.13;3823.13;3820.13;3820.13;0.03050939162288834
11/12/2021;3994.54;4105.34;3884.89;3978.9;0.04385896981428138
11/11/2021;4046.83;4046.83;4045.83;4046.27;0.013005429928167651
11/10/2021;4003.27;4003.88;4002.49;4002.49;-0.010822331438154526
11/09/2021;4153.45;4153.45;4149.07;4149.07;0.03682778703555676
11/08/2021;4168.64;4168.64;4167.89;4167.89;0.0036505293427380268
11/05/2021;3828.64;3906.44;3797.77;3846.71;-0.08508019477819356
11/04/2021;3833.0;3833.85;3833.0;3833.85;0.0011381376495493082
11/03/2021;3937.03;3937.03;3934.86;3934.86;0.026778845549390234
11/02/2021;3917.02;3918.89;3917.02;3918.89;-0.005095471328719535
11/01/2021;3793.12;3793.12;3791.72;3791.72;-0.03214226118630365
10/29/2021;3845.14;3880.06;3725.89;3766.93;0.013621113785237603
10/28/2021;3730.43;3730.43;3729.76;3729.8;-0.030286504705359634
10/27/2021;3562.72;3564.13;3562.72;3564.13;-0.0459992104386528
10/26/2021;3716.66;3716.66;3714.52;3714.52;0.04230111744042598
10/25/2021;3843.7;3843.86;3842.31;3842.31;0.03361002884356685
10/22/2021;3649.38;3829.01;3620.07;3822.54;-0.051878154205657216
10/21/2021;3769.12;3769.12;3768.58;3768.61;0.03228426230981331
10/20/2021;3924.7;3924.7;3922.35;3922.59;0.04044836273003354
10/19/2021;3753.42;3755.06;3753.42;3754.44;-0.04462249082919588
10/18/2021;3647.71;3650.98;3647.71;3650.98;-0.02856785092489077
10/15/2021;3643.66;3717.7;3433.53;3539.94;-0.0011109024549598979
10/14/2021;3455.7;3455.7;3454.7;3454.7;-0.05296362936471291
10/13/2021;3412.62;3412.62;3412.16;3412.29;-0.01254471689045872
10/12/2021;3341.14;3341.14;3340.67;3340.67;-0.021168258609617265
10/11/2021;3367.13;3367.13;3366.42;3366.42;0.007748683353841806
10/08/2021;3283.72;3330.33;3256.82;3309.98;-0.02508382339277906
10/07/2021;3285.26;3285.38;3284.48;3284.48;0.0004688703659360877
10/06/2021;3303.36;3303.36;3302.22;3302.22;0.00549433584973204
10/05/2021;3151.1;3152.1;3150.82;3152.1;-0.04718853406668639
10/04/2021;3032.58;3032.58;3032.01;3032.01;-0.03833785586643642
10/01/2021;2973.85;2980.45;2667.7;2897.93;-0.019556332717718117
09/30/2021;2703.76;2704.14;2703.42;2703.42;-0.09521401279915007
09/29/2021;2528.1;2629.07;2511.5;2598.97;-0.06717536438081699
09/28/2021;2547.13;2547.13;2544.15;2544.98;0.007499202670253706
09/27/2021;2610.25;2611.38;2610.11;2611.38;0.02447876705354858
09/24/2021;2641.31;2664.22;2508.25;2524.0;0.011829004018831388
09/23/2021;2784.86;2785.01;2784.53;2784.53;0.052922596608969294
09/22/2021;2696.77;2696.77;2696.06;2696.14;-0.03214284223550617
09/21/2021;2523.94;2524.72;2523.09;2523.09;-0.06623358797477219
09/20/2021;2551.43;2551.43;2550.35;2551.17;0.01083281369769212
09/17/2021;2969.21;3058.92;2931.6;2979.79;0.15164193786283459
09/16/2021;3034.91;3035.26;3034.91;3034.95;0.02188584586939626
09/15/2021;3061.89;3062.76;3061.62;3062.76;0.00885060232214553
09/14/2021;2976.97;2980.53;2976.97;2980.53;-0.02812636763379572
09/13/2021;2833.96;2836.77;2833.96;2836.77;-0.04923097788103803
9/10/2021;2800.02;2994.4;2766.97;2906.53;-0.0120484668300487
9/09/2021;2952.34;2952.47;2951.0;2952.47;0.0529715162449329
9/08/2021;2936.19;2936.77;2935.74;2935.74;-0.00548525370285086
9/07/2021;2960.39;2960.39;2959.19;2959.19;0.008208193858693535
9/03/2021;3363.34;3365.86;3275.82;3322.74;0.12761351144243185
9/02/2021;3163.9;3164.01;3163.66;3163.66;-0.06112908401263628
9/01/2021;3145.52;3147.31;3145.52;3147.31;-0.005826225546008557
08/31/2021;2964.42;2964.88;2964.1;2964.1;-0.0592978204972088
08/30/2021;2883.95;2883.95;2883.7;2883.91;-0.02752051555963033
08/27/2021;2989.41;3003.79;2833.53;2902.63;0.035915161276341076
08/26/2021;2841.78;2842.05;2839.77;2842.05;-0.050645427112731144
08/25/2021;2989.34;2989.62;2988.16;2989.62;0.05062201084678823
